Date,Short-term treasury index,US TIPS 0-5 Years,US TIPS 1-5 years,US Treasury Inflation Notes 1-10 Years,US Aggregate 10 or 10+ Years,US Aggregate,US Corporate HY,US Corporate IG,US Treasury,CHF,Gold,JPY,US treasury 1-3 Year,US Treasury 20+ Years,US Treasury 10+ Years
31-12-2024,0.004391166,-0.001017576,-0.002578655,-0.0088345,-0.047517623,-0.01636523,-0.004264036,-0.019353569,-0.015407897,0.012146668,-0.024390244,0.000661624,0.002250926,-0.05991204,-0.053202719
29-11-2024,0.00357267,0.004329651,0.0042727,0.004535893,0.020018622,0.010571391,0.011505342,0.013377078,0.007772492,0.022756299,0.020916335,0.025496544,0.002882545,0.018732987,0.018151334
31-10-2024,0.002617523,-0.004358003,-0.006614537,-0.013200999,-0.046698555,-0.024798842,-0.005406092,-0.02427133,-0.023811135,0.016643059,0.062433862,0.0485254,-0.00607525,-0.05414741,-0.052055983
30-09-2024,0.005384267,0.010127017,0.011149861,0.012844941,0.023106806,0.013391194,0.016180984,0.017729752,0.012023027,-0.012472316,0.036184211,-0.022630981,0.008108014,0.019149907,0.020224279
30-08-2024,0.00540769,0.005809209,0.006060092,0.006913433,0.02080651,0.014366547,0.016309943,0.01572627,0.012792391,-0.037905125,0.024719101,-0.071446347,0.009023876,0.022582204,0.020366482
31-07-2024,0.005507598,0.008705109,0.010467577,0.01487176,0.033478816,0.023357542,0.019441442,0.023835002,0.021878668,-0.002349519,0.00678733,-0.00216521,0.011651037,0.035909742,0.035742197
28-06-2024,0.004140076,0.006155009,0.006850595,0.007610865,0.011630411,0.009471006,0.009443508,0.006360848,0.010085417,-0.016505282,0.012600229,0.012772897,0.005823716,0.017764268,0.016507094
31-05-2024,0.004739398,0.009227883,0.010619931,0.01385507,0.027742935,0.016953286,0.01098738,0.01872991,0.014567691,-0.001208924,0.010416667,0.012860485,0.007052135,0.029298994,0.028565709
30-04-2024,0.003531058,-0.001353498,-0.003292886,-0.010217244,-0.054271409,-0.025260695,-0.009401872,-0.025447371,-0.023273962,0.02397029,0.069306931,0.027175531,-0.003799419,-0.066060842,-0.060920479
29-03-2024,0.004277366,0.006337234,0.006486676,0.008006569,0.015285158,0.00923504,0.011833106,0.012929238,0.006425961,0.01311139,0.052083333,0.001360826,0.003525053,0.010600526,0.012322378
29-02-2024,0.002901199,-0.001877354,-0.004075439,-0.008985792,-0.024297515,-0.014127622,0.002919531,-0.015029995,-0.013119302,0.020952159,-0.011583012,0.022698765,-0.0043335,-0.021742035,-0.022826276
31-01-2024,0.004134596,0.003992133,0.00383163,0.003675595,-0.015164151,-0.002747456,-4.03234E-05,-0.001701309,-0.002806213,-0.006591119,0.01171875,0.016063175,0.003630351,-0.027193866,-0.022016647
29-12-2023,0.005531501,0.011474381,0.013178814,0.020739248,0.073128413,0.038279971,0.037280096,0.04335306,0.03365018,-0.028532914,0.019920319,-0.038064792,0.011562375,0.090467839,0.086086368
30-11-2023,0.005295641,0.01044888,0.011848073,0.019045596,0.086175088,0.045284326,0.045304302,0.059782497,0.034729594,-0.014720531,0.092888244,0.000572887,0.010359649,0.099959081,0.091561666
31-10-2023,0.004477182,0.003842483,0.003573455,-0.001237492,-0.039920008,-0.015780476,-0.011645745,-0.018725683,-0.01208319,0.00433526,-0.054869684,0.011825222,0.003428192,-0.054687788,-0.04934783
29-09-2023,0.004215894,-0.001778307,-0.003150721,-0.010149442,-0.057276237,-0.025414099,-0.011828255,-0.026694469,-0.022094158,0.024251395,-0.010854817,0.02116723,-0.000294811,-0.078956298,-0.072944181
31-08-2023,0.004369381,0.001155626,0.000401117,-0.004425087,-0.021504243,-0.006387101,0.002770427,-0.007768506,-0.005182306,0.006878368,0.013755158,0.02727763,0.003884429,-0.031529829,-0.027882077
31-07-2023,0.004432462,0.004907825,0.005145531,0.004550228,-0.00979437,-0.000693249,0.013795798,0.003447161,-0.003540102,-0.031208352,-0.020215633,-0.002986033,0.003452372,-0.024584515,-0.021678724
30-06-2023,0.003999192,-0.001890245,-0.003224966,-0.004841687,0.005650904,-0.003568213,0.01673221,0.004116912,-0.007509197,0.003007686,-0.026246719,0.03141043,-0.005170249,0.001605214,-0.000165866
31-05-2023,0.002503381,-0.007039877,-0.00867369,-0.011329981,-0.027163646,-0.010889643,-0.009161914,-0.014484748,-0.011609589,-0.000890373,0.003952569,0.026811863,-0.003496117,-0.029127575,-0.027947566
28-04-2023,0.002745305,0.002086147,0.002243533,0.001932234,0.007078948,0.006063307,0.009986617,0.007655876,0.005359005,-0.02917342,0.095238095,-0.001419975,0.002656729,0.0042099,0.005209404
31-03-2023,0.005947958,0.01896889,0.021651325,0.02798567,0.043479816,0.025399094,0.010687071,0.02784274,0.028944558,-0.000324044,-0.04281768,0.004645,0.016389139,0.04745746,0.047400361
28-02-2023,0.002193294,-0.003787039,-0.006168846,-0.011846763,-0.049407484,-0.025855211,-0.012854411,-0.03180948,-0.023399295,0.001839628,0.037249284,0.019922191,-0.007740399,-0.048790756,-0.047435897
31-01-2023,0.003577237,0.00666019,0.00717088,0.013390637,0.064638164,0.030765401,0.038073585,0.040068055,0.025059519,-0.008050666,0.034074074,-0.033112008,0.007347428,0.069527367,0.064100437
30-12-2022,0.003994879,-0.002002552,-0.003089406,-0.006773442,-0.013534748,-0.00450921,-0.00624159,-0.004387377,-0.005182313,-0.035610766,0.083467095,-0.052863912,0.001764993,-0.019475741,-0.017010481
30-11-2022,0.003192929,0.004885186,0.005713751,0.012284837,0.078514068,0.036775633,0.021704296,0.051783383,0.026778129,-0.029048146,-0.029595016,-0.03132576,0.006539159,0.072822006,0.070719418
31-10-2022,0.00115634,0.010033554,0.010412138,0.010939023,-0.036854991,-0.012953368,0.025985228,-0.010341745,-0.013936577,0.022192541,-0.00619195,0.026291785,-0.000981799,-0.062251176,-0.055487678
30-09-2022,-0.000663098,-0.02869971,-0.035130521,-0.050102881,-0.082736445,-0.043208937,-0.039715553,-0.052553928,-0.034535776,0.016607479,-0.037257824,0.059140989,-0.011755047,-0.082295394,-0.078997043
31-08-2022,0.000672857,-0.015344732,-0.017002925,-0.023835029,-0.043918864,-0.028252558,-0.023045904,-0.029325824,-0.024808573,-0.013091434,0.005997001,-0.010427258,-0.007959425,-0.044226718,-0.044266037
29-07-2022,0.001177137,0.018187067,0.021454378,0.035999168,0.037621523,0.024434025,0.059034633,0.032373552,0.015941289,-0.000103072,-0.044412607,0.020506577,0.004238233,0.024874298,0.026679144
30-06-2022,-0.00239205,-0.014888339,-0.0176994,-0.024692193,-0.029469098,-0.01568728,-0.067331087,-0.028000103,-0.00879727,-0.010403917,-0.016901408,0.03968456,-0.006353897,-0.014170749,-0.014746118
31-05-2022,0.001378528,0.004147039,0.003357323,-0.000439531,-0.003021296,0.006446739,0.002452315,0.009337041,0.00182737,0.037460317,-0.030054645,0.019579139,0.005945745,-0.021986483,-0.018923001
29-04-2022,-0.000448441,-0.000243182,-0.000600641,-0.009344855,-0.092886137,-0.037948343,-0.035557851,-0.054680559,-0.030979806,0.016785023,0.004115226,0.065753677,-0.004770886,-0.094203647,-0.088921896
31-03-2022,-0.001199575,-0.007576329,-0.009782862,-0.014913554,-0.039295219,-0.027783507,-0.011466312,-0.025215398,-0.031135719,0.007152146,0.072058824,0.028636415,-0.014110698,-0.054868596,-0.053387211
28-02-2022,-0.000523571,0.010243893,0.010334341,0.009694506,-0.025329801,-0.011156917,-0.010266777,-0.020003172,-0.006588953,0.004025677,-0.004392387,0.003925957,-0.004103272,-0.016176294,-0.014616548
31-01-2022,-0.000922369,-0.005525804,-0.006971245,-0.01214375,-0.049007968,-0.021544367,-0.02734183,-0.033661883,-0.018944379,-0.002062975,0.013353116,0.008719799,-0.007031081,-0.043005562,-0.041387076
31-12-2021,-0.000393709,0.003298726,0.004018239,0.004828042,-0.008151569,-0.002558043,0.018744775,-0.000799685,-0.005133613,-0.000325627,-0.004431315,-0.001159128,-0.002122837,-0.01649128,-0.014219502
30-11-2021,-0.000116011,0.001530341,0.000598871,0.002386635,0.013365332,0.002960653,-0.009725928,0.000615739,0.007655107,-0.001517286,0.016516517,0.007456584,-0.000431577,0.028493374,0.026541022
29-10-2021,-3.17086E-05,0.006833391,0.007033729,0.008120301,0.016291605,-0.000276025,-0.001714361,0.002480444,-0.000705264,-0.000108366,-0.030567686,0.026874302,-0.003226385,0.02343843,0.018592083
30-09-2021,2.16551E-05,-0.000320213,-0.000726845,-0.004192872,-0.023372727,-0.008659485,-0.000106369,-0.010526612,-0.010836907,0.008855362,0.007331378,0.002806485,-0.001002758,-0.029647417,-0.02862845
31-08-2021,0.00011757,0.000337295,-7.4025E-05,-0.001860033,-0.0030439,-0.001903393,0.00513605,-0.003024963,-0.001752866,-0.0029431,0,-0.003280881,-7.16204E-05,-0.002142758,-0.0021045
30-07-2021,8.81854E-05,0.013055544,0.014697319,0.023003738,0.027778527,0.011182679,0.003809956,0.01368772,0.013608143,0.010575017,-0.046153846,0.000971779,0.00172185,0.037630295,0.036475943
30-06-2021,-8.19902E-05,0.000310176,-0.000353093,0.00081616,0.03552378,0.00702544,0.013394239,0.01631335,0.006425988,0.005649718,0.045321637,0.00912182,-0.00171889,0.037709636,0.03574676
31-05-2021,0.000150854,0.008186551,0.00786037,0.009336171,0.008108336,0.003266641,0.002957798,0.007681865,0.003446837,-0.02072033,0.036363636,0.000619013,0.000931933,0.005237169,0.004506045
30-04-2021,1.08306E-05,0.008350811,0.009481725,0.012722469,0.01959152,0.007900145,0.010861268,0.011077567,0.007500357,-0.008604001,0.016949153,0.003177579,0.000394435,0.023848432,0.023272645
31-03-2021,0.000185703,0.004260608,0.004780018,0.001636433,-0.036201411,-0.012488358,0.001495073,-0.017160574,-0.015416325,0.035527342,-0.05942029,0.031521939,-0.000250941,-0.05160431,-0.0498537
26-02-2021,0.000131557,0.001048547,0.000774537,-0.007190017,-0.04189474,-0.014438685,0.003674684,-0.017226272,-0.018146529,0.01285956,-0.049586777,0.015310974,-0.000573251,-0.056965711,-0.055672865
29-01-2021,0.000327451,0.00534774,0.005972092,0.006191089,-0.029681452,-0.007169672,0.003306174,-0.012831855,-0.009564742,-0.002138676,0.058309038,-6.64771E-05,0.000322558,-0.037487636,-0.036079451
31-12-2020,-1.16116E-05,0.009293028,0.010641608,0.012430453,-0.001963754,0.001377301,0.01882476,0.004355148,-0.002315483,-0.024807903,-0.052486188,-0.005851191,0.000502008,-0.011955566,-0.011781695
30-11-2020,0.000227639,0.006039611,0.006647543,0.007664467,0.03512781,0.009811796,0.03956023,0.027859119,0.003481404,-0.001534415,0.005555556,-0.007636193,0.000358706,0.012745788,0.012003963
30-10-2020,4.49105E-05,-0.002231858,-0.00246683,-0.004134422,-0.015808675,-0.004465244,0.005076558,-0.001800102,-0.009427419,-0.002732539,-0.02173913,-0.003594124,-0.000430262,-0.030844329,-0.030092965
30-09-2020,0.000161084,-0.001531188,-0.002080735,-0.003521251,-0.001410198,-0.000546809,-0.010287491,-0.002862684,0.001385224,0.005495109,-0.034120735,-0.00399857,0.000251049,0.003873149,0.003846728
31-08-2020,0.000180478,0.011576894,0.012447285,0.014177559,-0.037405261,-0.008073332,0.009507347,-0.013788766,-0.010952743,-0.024445159,0.137313433,-0.006270048,-0.000179289,-0.044755373,-0.043114186
31-07-2020,0.000252578,0.007400477,0.00864736,0.014307965,0.052965232,0.014935359,0.046879316,0.032508595,0.011427241,-0.019552192,0.033950617,-0.008332543,0.000933171,0.044226726,0.042257008
30-06-2020,0.000237139,0.007543347,0.008532627,0.010653097,0.01550971,0.006302414,0.009790815,0.019603496,0.000936326,-0.01846884,0.00621118,0.003527985,0.000323125,0.001303739,0.001295916
29-05-2020,3.09986E-06,0.006651709,0.006986351,0.006225366,0.000941683,0.004653552,0.044051492,0.015643923,-0.002534461,-0.000927739,0.059210526,-0.004999137,0.000790485,-0.019900081,-0.018666487
30-04-2020,0.000379102,0.011855548,0.013831366,0.020295411,0.045073036,0.01777739,0.045055066,0.052431674,0.006360857,0.011258209,-0.019354839,0.000662225,0.001331223,0.020173311,0.020230596
31-03-2020,0.005625739,-0.016179452,-0.01821059,-0.018264335,-0.029565051,-0.005886583,-0.114593786,-0.07085513,0.028924094,-0.017312026,0.047297297,-0.021468788,0.012863963,0.062364493,0.0605239
28-02-2020,0.002961948,0.005155134,0.005807722,0.008671703,0.040102171,0.017999665,-0.014102182,0.013379409,0.026506679,0.006599299,0.022452504,0.006981084,0.008971578,0.068660156,0.067006578
31-01-2020,0.00173184,0.004286506,0.005250207,0.012930709,0.052230783,0.019244944,0.000265717,0.023451532,0.024436868,-0.013026664,0.041366906,0.001518776,0.005508725,0.069945228,0.068451009
31-12-2019,0.001577668,0.007178771,0.007805813,0.006985043,-0.01138125,-0.000696144,0.019990748,0.003198172,-0.005614394,-0.010373653,-0.012433393,0.002233187,0.002148944,-0.028913537,-0.027910584
29-11-2019,0.000978467,0.001183885,0.000852542,0.000189847,0.000782981,-0.000511741,0.003267667,0.00251718,-0.003007928,-0.000100705,-0.003539823,0.006668405,-0.000407392,-0.00494143,-0.005164478
31-10-2019,0.002742656,0.003005565,0.00285447,0.00277947,-0.00059058,0.003012157,0.002759561,0.006070409,0.000682374,0.002422774,-0.02417962,0.005549563,0.003344357,-0.008949213,-0.00859121
30-09-2019,0.001526023,-0.002170843,-0.003220337,-0.008232007,-0.019073964,-0.005324938,0.003642489,-0.006505573,-0.008459591,0.012158986,0.03024911,0.012726413,-0.00115062,-0.025650342,-0.024943724
30-08-2019,0.002795644,0.005202247,0.005884258,0.012850914,0.078657127,0.025913282,0.00400288,0.031448493,0.033997313,-0.009412955,0.060377358,-0.019372701,0.008119738,0.108170496,0.104996421
31-07-2019,0.001359731,0.00022732,5.6148E-05,0.001532215,0.007269866,0.002201031,0.005635614,0.005592506,-0.001178922,0,0.053677932,0.002016314,-0.001121286,0.001626541,0.001600323
28-06-2019,0.00311719,0.006625543,0.007332071,0.009903288,0.027735101,0.012556066,0.022793161,0.024456575,0.009228533,-0.022459681,0.039256198,-0.01730359,0.005184656,0.013252881,0.013352091
31-05-2019,0.002467893,0.005243227,0.005855601,0.010910797,0.041291279,0.017751985,-0.011886994,0.014331189,0.023500602,0.002280841,-0.008196721,-0.014958609,0.007380213,0.066951505,0.065433041
30-04-2019,0.001999647,0.004534876,0.004863429,0.004320333,-0.004041997,0.000256309,0.014219167,0.005429429,-0.002773215,0.007896052,0,0.004472564,0.002009936,-0.018444026,-0.017902786
29-03-2019,0.002524669,0.007542091,0.008368513,0.013292474,0.046971852,0.019200441,0.009404296,0.025049624,0.01909005,-0.000898742,-0.018108652,0.006377218,0.006258348,0.053751804,0.052553145
28-02-2019,0.001923593,0.001840349,0.001488354,0.000995937,-0.005500838,-0.000580175,0.016631006,0.002168838,-0.002710781,0.011821764,0.022633745,0.013578315,0.000954927,-0.012644702,-0.012221523
31-01-2019,0.002506135,0.007095201,0.007581185,0.01119884,0.022334101,0.010622496,0.045203628,0.023520512,0.00470758,-0.002217966,0.036247335,-0.028867356,0.002680965,0.006648241,0.006712049
31-12-2018,0.002401809,0.001913587,0.002182562,0.004085265,0.03672102,0.018371084,-0.021413123,0.014705777,0.02151553,-0.009189891,0.010775862,-0.010046057,0.008069187,0.055940305,0.054713815
30-11-2018,0.002054853,6.29263E-07,0.00035915,0.003205648,0.006463992,0.005966683,-0.008602336,-0.001665073,0.008875918,0.007142857,0.022026432,0.005466556,0.003603534,0.019115756,0.018924273
31-10-2018,0.00185328,-0.004065433,-0.004489394,-0.007770665,-0.033000685,-0.007900997,-0.01598468,-0.01460449,-0.004777497,0.026541361,0,0.005570156,0.001435722,-0.032027141,-0.030463831
28-09-2018,0.001271905,-0.002414489,-0.003140681,-0.006956939,-0.015482292,-0.006438975,0.005565695,-0.00356515,-0.009337487,-0.019939271,-0.015184382,0.009918331,-0.001240166,-0.03050694,-0.029620944
31-08-2018,0.001907847,0.005103089,0.0053935,0.006762468,0.008495493,0.006435722,0.007379457,0.004939545,0.00764994,-0.006835545,-0.02742616,-0.00470315,0.003305078,0.016003434,0.015766109
31-07-2018,0.001644487,-0.001584777,-0.002074749,-0.003889334,0.002456298,0.000238417,0.010910916,0.00831169,-0.004183658,0.004848485,-0.034623218,0.013239594,-0.000155509,-0.015201606,-0.014714887
29-06-2018,0.001599918,0.001642681,0.001585835,0.002814636,-0.00616525,-0.001230305,0.004014846,-0.005808826,0.000206927,-0.006921457,-0.010080645,0.003424252,0.000116645,0.001920866,0.001777672
31-05-2018,0.001763339,0.003542953,0.003757373,0.004645526,0.011316743,0.00713472,-0.000277518,0.005355649,0.008977744,0.02911118,-0.015873016,0.0188749,0.003707462,0.021822453,0.021157025
30-04-2018,0.001220254,-0.000349884,-0.000661623,-0.001331289,-0.019333062,-0.007438705,0.006507211,-0.009274874,-0.008099663,0.021835443,0.005988024,0.015176318,-0.001753087,-0.019814579,-0.019440582
30-03-2018,0.001489374,0.005291247,0.005862135,0.008175052,0.016472068,0.00641336,-0.006041162,0.00253238,0.009430325,0.013361839,0,-0.017812355,0.001990788,0.031340812,0.030273646
28-02-2018,0.000581537,-0.000377577,-0.000872262,-0.004574899,-0.031421811,-0.009476963,-0.008497905,-0.016234986,-0.00753353,-0.025926697,0.00804829,-0.026165544,-0.000429201,-0.03118094,-0.030029467
31-01-2018,0.001061961,-0.002775324,-0.003780705,-0.007513963,-0.020534756,-0.011517956,0.005994964,-0.00955965,-0.013584435,-0.026950355,0.039748954,-0.018323808,-0.003111751,-0.032765285,-0.032293457
29-12-2017,0.000871945,0.001873515,0.00196901,0.00476402,0.018838114,0.004590038,0.003024551,0.009121733,0.003088405,-0.004538578,-0.008298755,0.001076946,7.77998E-05,0.018095096,0.017167934
30-11-2017,0.000446005,-0.001624025,-0.002334654,-0.001088885,0.005288604,-0.00128454,-0.002555065,-0.001454992,-0.001375798,0.009571327,0.002079002,-0.000848427,-0.002134927,0.008008173,0.007169378
31-10-2017,0.000719537,0.001807382,0.001669579,0.00161577,0.004030633,0.000578868,0.004224909,0.004037432,-0.001210329,0.020363636,-0.049407115,0.019307431,-0.000698216,-0.000705663,-0.000757211
29-09-2017,0.000706909,-0.000900031,-0.001519636,-0.004863931,-0.009632407,-0.004760254,0.008977958,-0.00173677,-0.008571106,-0.002900653,0.056367432,0.008640862,-0.001703841,-0.022154361,-0.021597772
31-08-2017,0.001036395,0.002850506,0.003070031,0.006880641,0.022429641,0.008965473,-0.000389742,0.007765669,0.010825304,0.005102041,0.034557235,-0.02303922,0.001978815,0.035687133,0.034346905
31-07-2017,0.001162671,0.002822933,0.003150641,0.005044136,0.002633171,0.004304139,0.011075675,0.007313686,0.001667154,-0.007953724,-0.04338843,0.013550126,0.00213858,-0.006900926,-0.006180302
30-06-2017,0.000686719,-0.004331324,-0.005045392,-0.007909924,0.007528771,-0.001003292,0.001352133,0.003054907,-0.001618853,-0.018850715,0.029787234,-0.011844773,-0.000854701,0.004886117,0.003979319
31-05-2017,0.000453077,-0.000770798,-0.000886808,-0.000524363,0.020170803,0.007694645,0.008692791,0.011499815,0.006526858,-0.014187231,-0.008438819,0.019552915,0.001283697,0.020771375,0.019777041
28-04-2017,0.000616565,6.13891E-05,0.000148179,0.004456689,0.014865818,0.007718907,0.011547071,0.010684318,0.006946563,-0.000599101,0.008510638,-0.025022915,0.001441371,0.015685226,0.015431799
31-03-2017,-0.000114562,0.001476783,0.001589754,0.000689236,-0.005555248,-0.000526696,-0.002228209,-0.002324194,-0.000457349,0.0004995,0.026200873,4.33968E-05,0.000428699,-0.005942793,-0.005514625
28-02-2017,0.00046341,0.000997982,0.000834818,0.002438529,0.016871856,0.006721374,0.014552845,0.011469081,0.004934959,-0.006451613,0.038548753,-0.017066807,0.001014317,0.016081105,0.015582871
31-01-2017,0.000958246,0.004499334,0.005383369,0.007410744,0.003087349,0.001963195,0.014521598,0.003080557,0.002261349,-0.011673533,-0.002262443,-0.009707056,0.001289062,0.004036504,0.003933424
30-12-2016,0.000504551,0.003111387,0.003196554,0.001106693,0.007243354,0.001408601,0.018456131,0.006693371,-0.001055112,0.023185787,-0.096114519,0.069668858,0.000273512,-0.005553088,-0.005328433
30-11-2016,-5.78012E-05,-0.005161635,-0.006292756,-0.014660743,-0.058317263,-0.023651924,-0.004744422,-0.026827673,-0.026682833,0.008809235,0.01242236,0.0436494,-0.004124674,-0.077053741,-0.074189196
31-10-2016,0.000521308,0.0004874,0.00050055,-0.001210165,-0.028349353,-0.007648578,0.003859553,-0.008135702,-0.011006662,0.014796547,-0.043564356,0.020859799,-0.000699926,-0.04294083,-0.040789266
30-09-2016,0.000580302,0.006544186,0.007244563,0.007641655,-0.012574522,-0.000588761,0.006663692,-0.002477676,-0.001322627,0.002162496,-0.015594542,0.005393216,0.001167906,-0.01737909,-0.016096653
31-08-2016,0.000170317,-0.002632374,-0.003541175,-0.005055203,-0.000256907,-0.001141871,0.020922456,0.001958955,-0.005496947,-0.012105799,0,-0.0283393,-0.00171,-0.009439625,-0.009492833
29-07-2016,0.000217491,-0.000999315,-0.000873928,0.003205128,0.025538791,0.006322465,0.027036309,0.014610489,0.004051293,0.013924703,0.11038961,-0.011009873,-0.000582615,0.024269606,0.022426931
30-06-2016,0.001420253,0.009360789,0.011003284,0.01632855,0.049166129,0.017967769,0.009202601,0.022510688,0.022076293,-0.008387031,-0.051334702,-0.032129178,0.006017505,0.064236963,0.061385338
31-05-2016,-6.37624E-05,-0.001181181,-0.001986742,-0.005739587,0.003253896,0.000256103,0.006174955,-0.000771685,-2.73609E-05,0.014843263,0.045064378,-0.006424352,-0.001053905,0.008548162,0.007930018
29-04-2016,0.000666223,0.000319201,0.000457406,0.002630714,0.012239169,0.003841171,0.039150021,0.013691247,-0.001052286,-0.018040974,-0.008510638,-0.029927824,0.000390488,-0.005325338,-0.005004851
31-03-2016,0.000921462,0.010205554,0.011602293,0.01438519,0.028367429,0.009172118,0.04444662,0.027738136,0.00158321,-0.010987903,0.093023256,-0.014690858,0.001721103,-0.000238614,-2.796E-06
29-02-2016,0.0003991,0.002396212,0.002619597,0.008366969,0.021928962,0.007095687,0.005716386,0.008077275,0.008911844,-0.01606824,0.04368932,-0.030537328,0.001135652,0.031250961,0.029798016
29-01-2016,0.001037407,0.005451502,0.007167965,0.012860915,0.021065526,0.01375818,-0.016072789,0.00354512,0.021296701,0.013164506,0.024875622,-0.028028117,0.00610693,0.052272139,0.050240254
31-12-2015,0.00014122,-0.002159546,-0.00288034,-0.005926679,-0.007652299,-0.003230416,-0.025185857,-0.007795608,-0.001638052,-0.014557338,-0.045130641,-0.008220594,-0.000905369,8.09232E-05,-0.000166291
30-11-2015,-0.000494027,-0.001636428,-0.002024903,-0.001352837,-0.005529132,-0.00264359,-0.022225642,-0.002188319,-0.004090066,0.042427996,-0.027713626,0.021617168,-0.00247379,-0.008727599,-0.008201367
30-10-2015,-0.000142791,0.000306884,-0.000209226,0.000253721,0.003919384,0.000170417,0.027491257,0.004178273,-0.003660598,-0.003907455,0.011682243,-0.000828148,-0.0009807,-0.005218807,-0.00545762
30-09-2015,0.00073026,-0.0008279,-0.000957542,-0.002530791,0.008163511,0.006763993,-0.026024343,0.007456142,0.008776092,0.004130098,0.038834951,-0.023220421,0.003069174,0.015148324,0.01540162
31-08-2015,2.82475E-05,-0.002481441,-0.002862203,-0.005203088,-0.007742064,-0.001438072,-0.017418566,-0.005920301,0.000437116,0.014454803,-0.065759637,-0.002490453,-0.000471958,0.000145834,-0.00019377
31-07-2015,2.16015E-05,-0.003180648,-0.003298232,-0.000922277,0.021136063,0.006952831,-0.005824518,0.006748191,0.008336532,0.024246326,-0.017817372,-0.003295382,0.000511549,0.037332123,0.035018833
30-06-2015,0.000157051,-0.00045519,-0.000754315,-0.00537881,-0.036348681,-0.010904973,-0.014883969,-0.018375427,-0.008826652,0.000536711,-0.00443459,0.024177553,0.000275525,-0.041424981,-0.038329521
29-05-2015,0.000142114,-0.000526887,-0.000758126,-0.004689575,-0.016601506,-0.002408893,0.003032195,-0.006527693,-0.001800602,-0.029077645,-0.010964912,0.01078157,0.000708996,-0.017819275,-0.015881348
30-04-2015,0.00034751,0.006986139,0.007834985,0.008665076,-0.024058794,-0.003587527,0.012070594,-0.007003256,-0.005261439,-0.020718514,0.002197802,-0.007350834,0.000472888,-0.034176016,-0.031080103
31-03-2015,8.14803E-05,-0.003522709,-0.003723966,-0.003919443,0.005366692,0.00464206,-0.005475632,0.003190699,0.006308497,0.046683047,-0.048117155,0.013763052,0.002409639,0.012034402,0.011736591
27-02-2015,3.49213E-05,-0.00182338,-0.003029078,-0.008680197,-0.033778232,-0.009401438,0.024103548,-0.010135262,-0.015444479,-0.008683681,0.043668122,0.004312896,-0.002285894,-0.057980095,-0.053478114
30-01-2015,0.000436707,0.009191524,0.011307627,0.024953398,0.0640129,0.020967481,0.006600823,0.030338868,0.025866156,-0.031785092,0.011037528,-0.00899489,0.005269414,0.09292585,0.085589246
31-12-2014,-0.000153864,-0.01321433,-0.014704575,-0.015351243,0.016328707,0.000935664,-0.014475748,0.000607146,0.001424285,0.011512134,0.036613272,0.026000994,-0.002489823,0.031965421,0.028642192
28-11-2014,0.000103141,-0.001650839,-0.001584217,0.000835003,0.016763029,0.007096231,-0.007284732,0.006739185,0.008064246,0.011964736,-0.045851528,0.076583132,0.001504057,0.02949039,0.02767269
31-10-2014,-6.40431E-05,-0.000263884,0.000487577,0.004529441,0.02195232,0.009829303,0.011890657,0.010237834,0.009742378,0.016862327,-0.047817048,0.005591772,0.002857937,0.029309834,0.027502515
30-09-2014,0.000168869,-0.00930595,-0.010540899,-0.017876267,-0.025198992,-0.00678997,-0.020933612,-0.014427755,-0.005474119,0.029896681,-0.020366599,0.043537348,-0.000595049,-0.019667765,-0.018575073
29-08-2014,0.000153087,-0.001500478,-0.001431579,0.000370843,0.032885767,0.011039401,0.015847273,0.014423512,0.010548913,0.013366006,-0.016032064,0.011832121,0.00174853,0.043709907,0.040569289
31-07-2014,0.000115661,-0.003028772,-0.00349229,-0.002425189,0.003461642,-0.002507987,-0.013334612,-0.000558069,-0.001629217,0.002232641,0.059447983,-0.003163735,-0.00083383,0.006618715,0.005511019
30-06-2014,9.15385E-05,0.003288982,0.003552874,0.00292699,0.000892116,0.000516774,0.008351614,0.000778758,-0.001423536,0.008443094,-0.03877551,0.002840613,-0.000476247,-0.002004905,-0.002194251
30-05-2014,2.82945E-05,0.007278524,0.008504124,0.016510916,0.025182916,0.011385312,0.009203015,0.01367105,0.009418331,0.006230177,-0.023904382,-0.006679797,0.001868787,0.030150476,0.028760812
30-04-2014,0.000223077,0.005404836,0.006064205,0.009732154,0.020556122,0.008438521,0.006333775,0.011978875,0.005519024,0.002612152,0.018255578,0.001159865,0.001313851,0.021935776,0.019971952
31-03-2014,0.000257271,-0.003882042,-0.004781986,-0.006557653,0.005324604,-0.001703273,0.002362321,0.000666161,-0.002856989,-0.014770057,0.04670913,0.002097423,-0.001113541,0.007939824,0.006584099
28-02-2014,0.000121573,0.002596901,0.002782814,0.003797629,0.013132586,0.005316944,0.020228584,0.010398182,0.002722265,-0.011175039,0.019480519,-0.015767906,0.000875692,0.008544061,0.008267184
31-01-2014,0.000168232,0.003123814,0.004057373,0.013167458,0.034300611,0.014775381,0.007015592,0.018124805,0.013566886,0.01175417,-0.035490605,0.002913203,0.001634638,0.059769368,0.055293806
31-12-2013,0.000191588,-0.003998981,-0.005122469,-0.01241292,-0.006926151,-0.005651148,0.005394929,-0.001633709,-0.009071123,-0.021470041,-0.032323232,0.033838061,-0.001393479,-0.019722571,-0.019364081
29-11-2013,-7.49688E-06,-0.000286988,-0.000308286,-0.005249895,-0.016219114,-0.003744189,0.005077439,-0.001982222,-0.003271253,0.011523546,-0.023668639,0.023562442,0.000956442,-0.02657936,-0.024658004
31-10-2013,-4.41463E-05,0.002527347,0.00309166,0.004683742,0.018035434,0.008084972,0.025054338,0.014786228,0.00482428,-0.022316109,-0.001968504,-0.014514666,0.00103722,0.014085891,0.01331151
30-09-2013,0.000303286,0.003784275,0.005102822,0.012647951,0.010038592,0.009466908,0.009930841,0.006947616,0.006993355,-0.003239391,0.04526749,0.014289614,0.002279088,0.001534708,0.003703663
30-08-2013,7.49938E-05,-0.004211671,-0.005303988,-0.012614969,-0.010433952,-0.00511164,-0.006078688,-0.007024778,-0.004859178,-0.019896285,-0.035714286,-0.018665091,-0.000998602,-0.007653858,-0.007485354
31-07-2013,0.000346758,0.006057016,0.007048645,0.009282916,-0.002697801,0.001367191,0.018956743,0.00833231,-0.001088538,0.012646019,-0.052631579,0.025070191,0.00160032,-0.021044785,-0.018555562
28-06-2013,7.00234E-05,-0.008652411,-0.010691306,-0.027335984,-0.043685637,-0.015468543,-0.026225532,-0.027604634,-0.011005358,-0.023647588,-0.048300537,-0.036500705,-0.000639719,-0.033011108,-0.031717409
31-05-2013,1.41716E-05,-0.010297789,-0.012538576,-0.028879414,-0.053768514,-0.01784198,-0.005795561,-0.02343571,-0.017075106,0.020392911,-0.068333333,0.032328746,-0.001477164,-0.06763976,-0.062374239
30-04-2013,0.000263495,-0.004574485,-0.004916818,0.000160914,0.039227391,0.010118666,0.018090618,0.018259008,0.008890054,-0.010564124,-0.019607843,0.031531075,0.001039086,0.044777732,0.039977001
29-03-2013,0.000236868,0.002196809,0.002705554,0.00371477,-0.003039384,0.000798622,0.010180814,0.000192453,0.000981197,0.027572731,-0.027027027,0.019014727,0.000239846,-0.002514323,-0.000961811
28-02-2013,7.17327E-05,-0.00064361,-0.001042483,0.001253285,0.010372375,0.005012312,0.005079408,0.007699608,0.005283487,-0.002382499,-0.011006289,0.044280082,0.000840168,0.012860625,0.012589952
31-01-2013,0.000247789,0.002264108,0.002362955,-0.001614531,-0.0269762,-0.006994182,0.013405226,-0.008894796,-0.00807436,0.002279388,-0.018518519,0.062866315,0.000160058,-0.038781648,-0.035014783
31-12-2012,0.00028458,4.46212E-05,0.000101065,-0.003539396,-0.010298832,-0.001423915,0.015754766,-0.000637565,-0.004349965,-0.018640818,-0.01369863,0.034061249,0.000280179,-0.021472445,-0.019633437
30-11-2012,0.00021035,0.003169195,0.003510841,0.00476864,0.002778872,0.001577997,0.008003004,-0.001591376,0.005201542,0.006972005,0,0.025531177,0.000921437,0.013578663,0.013340293
31-10-2012,8.01396E-05,0.000936415,0.000992161,0.003406188,0.012110654,0.001966868,0.008781713,0.012878428,-0.001693808,-0.006712124,0.070032573,0.011235639,-0.000560561,-0.001264354,-0.001159244
28-09-2012,0.000250499,0.000849447,0.001062409,0.004521385,-0.006070721,0.001376526,0.013917731,0.007021326,-0.003058827,-0.030472059,0.023333333,-0.007060537,8.00865E-05,-0.02294688,-0.019578461
31-08-2012,7.18148E-05,0.002761583,0.002729039,0.001959024,-0.006816675,0.000653324,0.011706299,0.002223288,-0.001286524,-0.01042625,-0.003322259,-0.003089892,4.00449E-05,-0.013060543,-0.010666332
31-07-2012,0.000400988,0.005930711,0.006685593,0.010558443,0.044426652,0.013793142,0.019026322,0.028773119,0.010064828,0.021616541,0.006688963,-0.004796054,0.002408478,0.037712959,0.03300315
29-06-2012,-6.68308E-06,-0.00191357,-0.002086658,-0.003452528,-0.003987413,0.000392036,0.021112525,0.003544251,-0.00347746,0.020569114,-0.037037037,-0.004413382,-0.000561663,-0.015089702,-0.013614238
31-05-2012,0.000211397,-0.00471547,-0.005280818,0.004583178,0.044014401,0.009048261,-0.013056297,0.007549888,0.017142716,0.027373262,-0.014285714,-0.0195145,0.000401349,0.084589181,0.074371555
30-04-2012,0.000272467,0.003424724,0.003934142,0.012246092,0.032024338,0.01108645,0.010467764,0.013959893,0.014544253,0.000219034,-0.039634146,-0.014715173,0.002171989,0.046559842,0.043320264
30-03-2012,7.60627E-05,-0.000989658,-0.001270852,-0.004245047,-0.029676867,-0.005479237,-0.001394253,-0.009659668,-0.010033246,0.001425751,0.047923323,0.050922646,-0.000602967,-0.042183208,-0.037600293
29-02-2012,-0.000138732,0.002959691,0.002938449,0.000582993,-0.003793746,-0.000229649,0.023746098,0.008418463,-0.007123285,-0.027517065,0.00805153,0.01956759,-0.001485109,-0.023415978,-0.020704858
31-01-2012,0.000156307,0.011406576,0.013114629,0.018146358,0.012523866,0.008780703,0.03036571,0.022140884,0.00422881,0.004499679,-0.051908397,-0.010703539,0.00124583,-0.002855387,-0.000473107
30-12-2011,6.18581E-05,-0.004436464,-0.005294487,-0.00186204,0.034056455,0.010990831,0.026562248,0.021375657,0.009661619,0.028086794,0.041335453,0.003058297,0.00048249,0.03399047,0.031041055
30-11-2011,0.000219059,-0.00147491,-0.00138136,0.004292575,-0.00190016,-0.000867545,-0.021557955,-0.019598584,0.007462349,0.013507479,-0.052710843,0.011958039,0.000603476,0.031137401,0.027196787
31-10-2011,0.000301088,0.013786103,0.015485931,0.014443391,-0.006247669,0.001074169,0.059925313,0.01787529,-0.008154111,0.021786244,0,-0.001988393,0.000845581,-0.044885715,-0.038195687
30-09-2011,-0.000171423,-0.007275541,-0.008056424,-0.007318639,0.060338648,0.007274611,-0.032688632,0.002551606,0.0174653,0.123974359,0.115966387,-0.002208776,-0.001367164,0.123707503,0.09829719
31-08-2011,0.000957542,-0.007668834,-0.008872242,-0.000256728,0.044134727,0.014609963,-0.040026124,0.000652094,0.027775172,-0.050401753,0.032986111,-0.028732057,0.003510613,0.099699809,0.088144546
29-07-2011,-0.000215902,0.013369049,0.014450764,0.024235253,0.040581189,0.015868025,0.011593337,0.025216098,0.018224468,-0.022259255,0.012302285,-0.014714165,0.002832632,0.045558303,0.043109959
30-06-2011,0.000216786,0.001746577,0.001964721,0.005818567,-0.016508624,-0.002927729,-0.009735809,-0.008764152,-0.003379754,-0.038787185,0.019713262,-0.00862612,0.000202372,-0.022726216,-0.019270993
31-05-2011,0.000318166,-0.000455679,-0.000340317,0.002474591,0.027269767,0.013050121,0.004875987,0.014443903,0.015615599,-0.025858226,0.037174721,-0.024663038,0.003696783,0.037138794,0.034602724
29-04-2011,0.000553748,0.014329791,0.015790314,0.021163305,0.020914707,0.012693944,0.015498454,0.017196379,0.011535724,-0.023189984,0.034615385,0.018740431,0.004447709,0.019784703,0.018696024
31-03-2011,0.000284914,0.007845243,0.008425725,0.00805131,-0.000443029,0.000552479,0.003237304,-0.001336937,-0.000608203,-0.033157895,0.017612524,-0.010780646,-0.000489416,0.000762476,9.31561E-05
28-02-2011,0.000243912,0.004957053,0.005086186,0.004340079,0.012730995,0.002501506,0.01310273,0.007925236,-0.00074341,-0.006795609,-0.026666667,-0.001067474,-0.000937169,0.014649364,0.011681813
31-01-2011,0.000504843,0.009796351,0.010963782,0.010899183,-0.012871616,0.001163854,0.022060948,0.001991326,-0.00024955,-0.012798018,0.015473888,-0.008550762,0.001591642,-0.030767742,-0.021650363
31-12-2010,0.000220603,0.001798647,0.001713829,-0.007562563,-0.021373425,-0.01078367,0.01813184,-0.009172325,-0.017990613,-0.016045496,0.02173913,0.009932378,-0.001955114,-0.036766076,-0.037395817
30-11-2010,1.59373E-05,-0.004183821,-0.004863387,-0.007596088,-0.013442728,-0.005747402,-0.011680845,-0.008114597,-0.006988309,0.016621929,0.051975052,0.009660033,-0.001870147,-0.012743249,-0.013270166
29-10-2010,0.000353263,0.009815233,0.011034985,0.015989648,-0.022288417,0.00356056,0.025822837,0.001180395,-0.001579261,-0.031593681,0.041125541,-0.031160388,0.002281896,-0.046476433,-0.033117069
30-09-2010,0.00025935,0.006166907,0.006766174,0.010082621,-0.007108574,0.001065694,0.030130107,0.006992334,0.000211317,-0.03715826,0.022123894,-0.011896075,0.001714356,-0.022448542,-0.015705123
31-08-2010,0.000481162,-0.000757929,-0.000665134,0.004878278,0.052193378,0.012861325,0.000360076,0.01983235,0.020079434,-0.01348528,-0.027956989,-0.024317575,0.00196311,0.080805506,0.067990302
30-07-2010,0.000414996,0.003086815,0.003449427,0.004192181,0.013220855,0.010675016,0.035560002,0.019590378,0.006820179,-0.064415815,0.019736842,-0.036400718,0.002665464,-0.006263673,0.000797529
30-06-2010,0.000519435,0.007432982,0.008234216,0.012109077,0.039743479,0.015681438,0.012449012,0.021311065,0.018569076,-0.00354139,0.04587156,-0.012689594,0.004655378,0.055106057,0.046322106
31-05-2010,0.000555044,-0.005121426,-0.004886765,-0.003183957,0.013849204,0.008414873,-0.035933991,-0.005509334,0.017104827,0.056594949,0.035629454,-0.015833678,0.004552415,0.052070552,0.042868848
30-04-2010,0.000195986,0.006278942,0.007598182,0.013925027,0.023576459,0.010409624,0.023439416,0.018200166,0.010479501,0.002250141,0.014457831,0.030166641,0.002780544,0.03336239,0.027935858
31-03-2010,-3.36445E-05,0.000566495,0.000633848,-0.00014453,-0.00758204,-0.001229526,0.031351605,0.002989661,-0.008470281,-0.005222906,-0.016587678,0.006396752,-0.002566438,-0.024706307,-0.018989114
26-02-2010,0.000111881,-0.001585765,-0.001804555,-0.005271481,0.00353693,0.003734326,0.00174584,0.003552416,0.003952212,0.036442726,-0.014018692,-0.010555306,0.001907764,0.001057382,0.002700666
29-01-2010,0.001041657,0.009149966,0.010930447,0.013994849,0.018681119,0.015275848,0.012651129,0.016315511,0.015806009,0.00427143,0.016627078,0.012786976,0.007689736,0.025902212,0.026023858
31-12-2009,-0.00044274,-0.005990125,-0.007674595,-0.014510104,-0.033024944,-0.015631391,0.032807806,-0.007805196,-0.026121344,0.01678018,0.087855297,0.007656771,-0.007960199,-0.062203806,-0.056274898
30-11-2009,0.000739568,0.012919004,0.015430154,0.02117463,0.014826039,0.01294666,0.010074368,0.014304665,0.013923074,-0.008028983,0.045945946,-0.012169252,0.006089931,0.010074935,0.017392347
30-10-2009,0.000376665,0.011895284,0.013614904,0.014989825,-0.006494082,0.004937517,0.017946544,0.007028236,-0.000487495,-0.017130209,0.051136364,-0.009944694,0.002215626,-0.024210707,-0.014038597
30-09-2009,0.000566582,0.010953591,0.013283109,0.016857619,0.021345232,0.010504657,0.056948386,0.017751447,0.007780634,-0.027333146,0.01734104,-0.038170819,0.002388535,0.024605979,0.019810656
31-08-2009,0.000696064,0.007571708,0.008231341,0.008500458,0.016051463,0.010354401,0.018648525,0.018338319,0.008904643,-0.008998145,-0.014245014,0.00561743,0.00391233,0.023228982,0.018847248
31-07-2009,0.000582502,0.002297107,0.001360077,0.004191372,0.032318249,0.016129685,0.060860743,0.043173104,0.004184464,-0.002682949,0.014450867,-0.023262554,0.001474553,0.004481187,0.006044765
30-06-2009,0.000377503,-0.000228632,-0.00151439,-0.003412969,0.021645721,0.00568768,0.028639533,0.027315794,-0.002119562,-0.024106176,0.048484848,-0.000310416,-0.001598385,0.008257381,0.006736133
29-05-2009,0.000390323,0.014808243,0.016212858,0.013997934,0.00912855,0.007253461,0.067284326,0.03903783,-0.010090673,-0.035275673,-0.035087719,-0.023003437,0.001685346,-0.03548888,-0.027397515
30-04-2009,0.001091051,-0.000581194,-0.000837177,-0.004729591,-0.009973533,0.004780909,0.121046583,0.034716928,-0.01824162,-0.006404154,-0.022857143,0.01088345,-0.001472506,-0.068321822,-0.051672403
31-03-2009,0.001405114,0.026692356,0.027788032,0.045244492,0.017939282,0.013901367,0.031889193,-0.004134261,0.021787629,-0.007217115,0.09375,0.053157805,0.005499387,0.041432772,0.048036146
27-02-2009,-0.000285346,-0.004782723,-0.005465956,-0.016852449,-0.017908425,-0.003774449,-0.031027438,-0.019670511,-0.005259945,0.033016775,0.052631579,0.03101736,-0.001014242,-0.015337864,-0.010117056
30-01-2009,0.00017022,0.026735354,0.029602491,0.030373959,-0.060907245,-0.008823327,0.05993985,0.004536259,-0.029160574,-0.012013329,0.074204947,-0.012648589,-0.003117496,-0.130926635,-0.08649797
31-12-2008,0.002341127,0.012357139,0.013654644,0.033937416,0.111930995,0.037309174,0.076835884,0.067964813,0.033876177,-0.042485306,-0.047138047,-0.058686792,0.005634638,0.134364975,0.092268199
28-11-2008,0.003813086,-0.009703023,-0.010535278,-0.003756658,0.083254252,0.032549849,-0.093131856,0.040689636,0.053070823,0.042085922,-0.038834951,-0.030013235,0.012091587,0.145234493,0.123025074
31-10-2008,0.003493789,-0.054843505,-0.059928975,-0.079151177,-0.066380427,-0.023604209,-0.159067895,-0.064441105,-0.00110229,0.029454152,-0.006430868,-0.062011845,0.009566685,-0.02022234,-0.032651198
30-09-2008,0.003555983,-0.017546661,-0.019309661,-0.029318899,-0.032538819,-0.013431629,-0.07977454,-0.077691548,0.006120915,0.02407527,-0.103746398,-0.025489565,0.007853061,0.013711127,0.00398057
29-08-2008,0.001777714,0.006052976,0.006342676,0.007727273,0.016964495,0.009490656,0.003500929,0.00719145,0.012492944,0.05426432,0.048338369,0.023496095,0.004954402,0.031839198,0.024828706
31-07-2008,0.002516434,-0.005629694,-0.005962668,-0.007369529,-0.006759907,-0.000823039,-0.013322082,-0.007475003,0.004227105,-0.008485199,0,-0.000592993,0.004094211,-0.006218187,-0.000729573
30-06-2008,0.001359168,0.014931071,0.015602624,0.016563041,0.003844225,-0.000800927,-0.027955507,-0.006397788,0.007856118,-0.007369832,-0.02359882,0.024489385,0.002825482,0.024264457,0.017145734
30-05-2008,3.53828E-05,0.005489465,0.0048417,0.004299314,-0.01869772,-0.00733295,0.003611337,-0.009543625,-0.011674226,0.030578023,-0.060941828,0.016379409,-0.003519423,-0.024441206,-0.01991191
30-04-2008,4.22885E-05,-0.00887718,-0.010497358,-0.018240289,-0.000393481,-0.002089738,0.043096934,0.009146378,-0.017186256,0.001185068,0.049418605,0.019070787,-0.008851487,-0.023255189,-0.019190574
31-03-2008,0.003129621,-0.000160082,-0.000535557,0.002316797,-0.000196702,0.003411853,-0.003445915,-0.012703681,0.006936767,-0.070156107,0.039274924,-0.05861721,0.002535408,0.016597963,0.008684845
29-02-2008,0.003432247,0.018726539,0.020063395,0.020245619,-0.002615832,0.001387989,-0.013640661,0.001111551,0.011396099,-0.010539706,0.107023411,-0.007309533,0.01046866,-0.001689696,0.004264931
31-01-2008,0.008240105,0.021157005,0.023813403,0.033565245,0.010240148,0.016798147,-0.013347547,0.010177448,0.025386626,-0.034730749,-0.003333333,-0.041182225,0.017391695,0.020355385,0.026394681
31-12-2007,0.002402994,0.003111087,0.003033986,0.000956887,-0.000561241,0.002808765,0.002917855,0.001579278,0.000800666,0.015044957,0.067615658,0.012389161,0.002477812,-0.00544831,-0.004008679
30-11-2007,0.00717404,0.025399058,0.028182339,0.036304539,0.022412746,0.01798314,-0.02169247,0.005987844,0.030689756,-0.043267183,0.060377358,-0.041368442,0.01732435,0.053585477,0.045976949
31-10-2007,0.003329696,0.008352461,0.008768933,0.01114082,0.016050484,0.008982884,0.00599544,0.01200989,0.007865404,-0.009365508,0.072874494,0.007150339,0.003910923,0.015445158,0.014121012
28-09-2007,0.004926873,0.009966488,0.010717947,0.010753899,0.007358784,0.007586342,0.026172828,0.00770208,0.005392593,-0.014550594,0,-0.014477421,0.006949592,0.003056924,0.002813465
31-08-2007,0.006588211,0.007687755,0.008038437,0.009090393,0.015720953,0.012256505,0.013635379,0.008092307,0.015675679,-0.00347999,0.016460905,-0.038556255,0.010392285,0.018499486,0.018622485
31-07-2007,0.004401558,0.009831607,0.010674914,0.01651747,0.011715838,0.008341383,-0.035410687,0.002313006,0.016581459,-0.021167883,-0.016194332,-0.010382383,0.008926463,0.031555971,0.026758774
29-06-2007,0.004248262,0.004076547,0.003733025,0.001040643,-0.011233194,-0.002958241,-0.017959739,-0.0048934,-0.000434913,0.009745312,-0.01984127,0.015859479,0.004364119,-0.010398988,-0.008434058
31-05-2007,0.004256344,-0.004409403,-0.005916085,-0.010752073,-0.017249112,-0.007578516,0.007474785,-0.009994441,-0.008977096,0.00717585,0.037037037,0.0154777,-0.000995166,-0.021527778,-0.018672617
30-04-2007,0.004056369,0.006773224,0.006971,0.00778098,0.010035193,0.005392295,0.012994599,0.00733543,0.005151359,-0.004434226,-0.016194332,0.014262323,0.003519117,0.008188487,0.007817123
30-03-2007,0.004245002,0.008617811,0.008747884,0.006964597,-0.014998627,3.0509E-05,0.001059205,-0.005733131,-0.000487145,-0.017348503,0.055555556,-0.026925921,0.003866902,-0.017466726,-0.011019575
28-02-2007,0.004229819,0.012936538,0.01390466,0.017659914,0.030997877,0.015420003,0.013984606,0.020594737,0.016583098,-0.003056874,0.004291845,0.000478218,0.008085086,0.035363701,0.029695697
31-01-2007,0.003974921,0.001821847,0.001794766,0.002190127,-0.005594849,-0.000410309,0.011165537,7.4941E-05,-0.001593177,0.027440284,0.004310345,0.026636948,0.002073688,-0.010843263,-0.007677325
29-12-2006,0.003833373,-0.006197734,-0.007791401,-0.015558534,-0.021215774,-0.005803348,0.010979334,-0.00909676,-0.008220503,-0.020799612,0.064220183,1.27855E-05,4.82276E-05,-0.027523756,-0.021680141
30-11-2006,0.004225958,0.006243138,0.006947998,0.009292478,0.021855423,0.011601199,0.016803889,0.014661468,0.010446631,-0.019520711,-0.018018018,-0.010863425,0.005138397,0.023911916,0.019628674
31-10-2006,0.003946136,-0.00189125,-0.002498209,-0.002405539,0.010311478,0.006614887,0.013602395,0.008089478,0.005076915,0.011802489,-0.055319149,0.011896992,0.003844282,0.008458415,0.007348312
29-09-2006,0.004496595,0.001106336,0.001734226,0.002352388,0.017253228,0.008783997,0.014177784,0.011453705,0.009284727,0.011121935,0,0.011129677,0.00513573,0.019312766,0.016344431
31-08-2006,0.004533022,0.004927237,0.005275445,0.010999465,0.029108505,0.015308293,0.016217792,0.018632163,0.014676924,-0.00468649,0.068181818,0.001358764,0.007142857,0.031832298,0.027473151
31-07-2006,0.004857573,0.008380251,0.008675785,0.012034418,0.020396536,0.013521979,0.009789129,0.014610035,0.012384634,0.004463923,-0.12,0.009962923,0.007494168,0.021006738,0.019167986
30-06-2006,0.003376192,0.003494385,0.00322586,0.003017684,0.005537944,0.002119836,-0.0035083,0.001258787,0.003186959,0.010746514,0.101321586,0.025906087,0.001789887,0.009502851,0.007665822
31-05-2006,0.00350069,0.004129275,0.003901612,0.003269755,-0.00304611,-0.001066932,-0.000134446,-0.001686575,0.000331035,-0.049883087,0.096618357,-0.045605388,0.001443935,0.001001302,6.75178E-05
28-04-2006,0.003511065,0.007169651,0.007418021,0.005112288,-0.017434247,-0.001812934,0.006161149,-0.003499753,-0.004120889,-0.016858238,0,-0.001776125,0.003096594,-0.027934592,-0.019475673
31-03-2006,0.003516681,-0.000701991,-0.001801665,-0.010121092,-0.035924256,-0.009812919,0.005987728,-0.014094117,-0.010790117,-0.000153233,0.009756098,-0.00494398,0.00120012,-0.046585004,-0.034105904
28-02-2006,0.002813932,-0.001620134,-0.002151645,-0.002883402,0.010349477,0.003319522,0.006675301,0.004516912,0.001455449,0.02184295,0.078947368,0.020644893,0.000750638,0.012242853,0.007089666
31-01-2006,0.002879094,0.001092461,0.00109225,0.000721371,-0.008204424,5.65401E-05,0.015954957,-0.002103892,-0.002980088,-0.021451007,0.073446328,-0.025205466,0.001503533,-0.012614005,-0.009159411
30-12-2005,0.003568763,0.003230969,0.003231067,0.005986938,0.021902124,0.009507502,0.008588346,0.01011264,0.010363176,-0.004347826,0.011428571,7.09136E-05,0.003874019,0.028752266,0.023286321
30-11-2005,0.003200453,-7.25426E-05,-7.20596E-05,0.000968523,0.008154602,0.004422604,0.005220961,0.005876903,0.004850985,0.017857143,0.029411765,0.031204976,0.003281006,0.006853044,0.006247685
31-10-2005,0.002266963,-0.004905259,-0.004905481,-0.008938749,-0.020283088,-0.007913938,-0.006980625,-0.011546135,-0.007822082,0.016494357,0.042944785,0.032636935,-0.000201867,-0.021833104,-0.018415483
30-09-2005,0.001853693,0.005025781,0.005024902,0.001020898,-0.030350195,-0.010309113,-0.009975534,-0.016148133,-0.013269542,0.003325679,0.03164557,0.00571847,-0.002667606,-0.035790873,-0.028712167
31-08-2005,0.003320457,0.015904129,0.015905189,0.019281386,0.027066303,0.012819469,0.001907939,0.015310623,0.015881865,-0.024410969,-0.0125,-0.012031781,0.006280389,0.033429053,0.029114436
29-07-2005,0.001495212,-0.010217383,-0.010217503,-0.014656212,-0.022202487,-0.009095385,0.01748454,-0.00987338,-0.01355839,0.022108172,0.01910828,0.029483031,-0.002979347,-0.030003936,-0.026227937
30-06-2005,0.001894702,0.001820116,0.001819883,0.002539606,0.015146051,0.005452908,0.019623522,0.008199609,0.006129094,0.040502793,-0.012578616,0.020189464,0.001871901,0.020326836,0.014984419
31-05-2005,0.002766515,0.002407955,0.00240843,0.004372647,0.02604899,0.010818747,0.017757321,0.013748091,0.012214036,0.018236574,-0.01242236,-0.005584278,0.003808847,0.030595352,0.025957047
29-04-2005,0.002768235,0.009926489,0.009926677,0.016545253,0.028582303,0.01353396,-0.009749911,0.012968483,0.017580009,0.016842463,0.025477707,0.018426801,0.00582316,0.039102819,0.03420768
31-03-2005,0.002057887,0.001042177,0.001041068,-0.001848657,-0.01414528,-0.005136009,-0.029079015,-0.013252694,-0.003255479,-0.013592885,-0.006329114,0.002954904,-5.10777E-05,-0.006768745,-0.006672568
28-02-2005,0.001099077,-0.000247698,-0.000246853,-0.003622521,-0.010653699,-0.005903197,0.014707796,-0.005959382,-0.008162558,0.01068521,-0.036585366,0.015513688,-0.002445735,-0.013164721,-0.012901787
31-01-2005,0.001394901,-0.007504661,-0.007505,-0.002572111,0.025583432,0.006279474,-0.001299883,0.007967204,0.007298049,0.028521587,0.006134969,-0.004521705,-0.000407456,0.035177229,0.025212368
31-12-2004,0.001648158,0.003284528,,0.008585547,0.02477372,0.009201122,0.014907652,0.013681893,0.009912922,-0.021005892,0.044871795,-0.008487187,0.002143732,0.027593819,0.022494694
30-11-2004,0.000444354,-0.00218257,,-0.00350834,-0.018457532,-0.00797641,0.012056558,-0.010173636,-0.013433572,-0.050202758,0.04,-0.037547054,-0.005128726,-0.024790608,-0.022253516
29-10-2004,0.001378797,0.008749238,,0.012148019,0.01571373,0.008385744,0.01806492,0.009763004,0.007928215,-0.023675667,0.013513514,-0.011880129,0.00315827,0.016967126,0.0147092
30-09-2004,0.000489103,-0.000763638,,0.000935337,0.009858989,0.0027135,0.014521134,0.00615717,0.002571391,0.000475323,0,-0.001289988,-0.000814374,0.010857913,0.008450099
31-08-2004,0.001683333,0.009755828,,0.018092941,0.036182336,0.019075174,0.019614736,0.02377661,0.020682539,0.013732734,0.020689655,0.006818155,0.007125282,0.041338086,0.037106226
30-07-2004,0.00175,0.010355825,,0.012469469,0.017854924,0.009912255,0.013596329,0.012442093,0.009518777,-0.004079021,0.021126761,0.000488881,0.003652827,0.018334495,0.016917293
30-06-2004,0.001766667,-0.000513115,,-0.000770713,0.008228218,0.005651578,0.014340648,0.004414018,0.004016825,-0.026170262,-0.046979866,-0.024621199,-0.000102886,0.00970047,0.009148146
31-05-2004,0.001483333,0.009146117,,0.012419533,-0.006844485,-0.004005871,-0.016939999,-0.007236011,-0.003436556,-0.010023903,-0.006666667,0.042167488,-0.001130466,-0.004129641,-0.004913051
30-04-2004,0.001191667,-0.020006802,,-0.032949758,-0.052770138,-0.026016616,-0.006803297,-0.031440293,-0.032163743,0.014947566,0,-0.00791867,-0.010071723,-0.062465431,-0.056097854
31-03-2004,0.000991667,0.010679333,,0.013446342,0.013661529,0.007488987,0.006792667,0.009442007,0.009385514,0.026510283,-0.019607843,0.016941576,0.003214942,0.015338177,0.015181836
27-02-2004,0.001033333,0.015151474,,0.019556884,0.018498235,0.010824142,-0.002508966,0.012453722,0.012392712,0.004600113,0.013245033,0.004134809,0.005026157,0.021695474,0.019926209
30-01-2004,0.001033333,0.00532778,,0.009510691,0.014862083,0.008045302,0.019082426,0.010483409,0.008520544,-0.019931978,0.048611111,-0.013636824,0.002107211,0.020119988,0.01715396
31-12-2003,0.001091667,0.004267873,,0.005739165,0.013561444,0.010176409,0.022646359,0.011386338,0.0088544,-0.050683286,0.028571429,-0.013190411,0.005841605,0.011919745,0.011890654
28-11-2003,0.001116667,-0.00277543,,-0.002959747,0.004948212,0.002395042,0.015161513,0.005079996,0.001248012,0.007260626,0,-0.002901489,-0.000516689,0.005845776,0.004837455
31-10-2003,0.001041667,-0.002454877,,0.001581028,-0.020415708,-0.00932629,0.02019522,-0.010516487,-0.015257222,-0.037910209,0.052631579,-0.046206446,-0.003860209,-0.030957965,-0.027822541
30-09-2003,0.001033333,0.02074498,,0.026855171,0.050578284,0.026470641,0.027332883,0.035805961,0.030153081,-0.004923612,0.023076923,-0.032549485,0.009560925,0.054925396,0.052065241
29-08-2003,0.001091667,0.011083928,,0.013228239,0.020433327,0.006639227,0.011494436,0.008314697,0.005932829,0.014693998,-0.015151515,-0.000282234,0.000519886,0.021779714,0.015944546
31-07-2003,0.000933333,-0.021377096,,-0.031658592,-0.087225661,-0.033619258,-0.010990739,-0.043442583,-0.043922757,0.031448924,0,0.003100677,-0.005789011,-0.103017617,-0.089435006
30-06-2003,0.000841667,0.000888412,,-0.002053252,-0.014147018,-0.001984846,0.028760454,-0.002281236,-0.006124512,0.006483106,0.090909091,0.008187063,0.001553036,-0.020468835,-0.015255242
30-05-2003,0.000983333,0.018966092,,0.02959629,0.054534058,0.018645006,0.010328654,0.032408846,0.028841044,-0.048755714,-0.03968254,-0.021075941,0.003845554,0.064145455,0.056229151
30-04-2003,0.001058333,-0.000688394,,-0.002245356,0.020425568,0.008251644,0.059329663,0.019961683,0.004652511,0.012413692,-0.052631579,0.01017718,0.001822157,0.012779435,0.010149314
31-03-2003,0.001033333,-0.000999014,,-0.005413819,-0.008582058,-0.000779354,0.028763781,0.000427565,-0.004162236,0.000882223,0.007575758,-0.005453423,0.001877738,-0.01669443,-0.012571975
28-02-2003,0.001083333,0.025308571,,0.029899638,0.029419445,0.013845491,0.012332546,0.020546039,0.017205813,-0.011841627,0.073170732,0.004415331,0.004400671,0.031604901,0.030270477
31-01-2003,0.001133333,0.004464268,,0.008079815,4.35218E-05,0.000853725,0.033292347,0.004208093,-0.003042487,-0.043299972,0.042372881,-0.025264802,-0.000157142,-0.003128259,-0.003382318
31-12-2002,0.001208333,0.023244809,,0.02765343,0.041143686,0.020655813,0.013979145,0.03052716,0.025983879,-0.018419975,0.008547009,0.002343598,0.009838667,0.043322843,0.040965686
29-11-2002,0.001241667,-0.007781683,,-0.009157247,0.005100879,-0.000265923,0.061948323,0.015640691,-0.009905638,-0.018349853,-0.008474576,-0.01856059,-0.003373926,-0.008131648,-0.011056589
31-10-2002,0.001375,-0.007780837,,-0.01236487,-0.026642433,-0.004554873,-0.00872989,-0.013425803,-0.011065028,6.69748E-05,0.026086957,0.023370885,0.002272007,-0.037287129,-0.028725914
30-09-2002,0.001433333,,,0.024614494,0.032402746,0.016195609,-0.013128974,0.019071923,0.026962167,-0.002738445,-0.00862069,0.017524604,0.008579803,0.044285161,0.041677912
30-08-2002,0.001466667,,,0.024095492,0.045754762,0.016884085,0.028520679,0.026522601,0.021618769,0.01725778,-0.025210084,0.009275728,0.003529601,0.052223898,0.043645205
31-07-2002,0.001633333,,,0.019578199,0.012796898,0.01206648,-0.043682199,-0.003634619,0.023693374,-0.044223651,0.025862069,-0.043729241,0.012508122,0.031670592,0.030855519
28-06-2002,0.001833333,,,0.00823108,0.008210341,0.008646671,-0.073735026,9.75832E-05,0.014116675,-0.030838945,0.035714286,-0.024407517,0.008849558,0.017677524,0.017952707
31-05-2002,0.001958333,,,0.012266626,0.006988189,0.008496795,-0.005158307,0.014068247,0.005602027,-0.039475275,0.027522936,-0.033621928,0.003783517,8.56128E-05,0.00314458
30-04-2002,0.002066667,,,0.024259186,0.027560051,0.019392008,0.015589718,0.012608972,0.024876443,-0.012005017,0,-0.002206606,0.011817577,0.041042781,0.037969045
29-03-2002,0.002141667,,,-0.001026208,-0.034706629,-0.016635842,0.024067634,-0.018578465,-0.024057575,-0.013376547,0.048076923,-0.019317194,-0.007379667,-0.046242775,-0.04042869
28-02-2002,0.001858333,,,0.012387117,0.010406905,0.009690989,-0.013954506,0.006599408,0.00900662,0.015620324,0.019607843,0.007229998,0.004925563,0.011000344,0.011643997
31-01-2002,0.0018,,,0.009845856,0.013395312,0.00809496,0.006961537,0.008485645,0.006733717,0.008632138,-0.009708738,0.039882597,0.002051908,0.014030501,0.012925371
31-12-2001,0.00185,,,-0.010303514,-0.014482045,-0.006350175,-0.004079393,-0.007234946,-0.009737879,0.003452662,-0.019047619,0.042391886,0.000277362,-0.021572306,-0.018846842
30-11-2001,0.001816667,,,-0.018270211,-0.033607845,-0.013787479,0.036480158,-0.008451327,-0.024756551,0.009292658,0,0.007837561,-0.002379635,-0.053009811,-0.047534346
31-10-2001,0.001941667,,,0.011821644,0.049038702,0.020925645,0.024733815,0.024610247,0.027698487,0.001162933,0.03960396,0.023959694,0.009666425,0.059455067,0.049144231
28-09-2001,0.00235,,,0.013998391,-0.004523762,0.011652744,-0.067203132,-0.003353432,0.015870535,-0.027962875,0.02020202,-0.022702217,0.016470722,0.002358086,0.007457286
31-08-2001,0.002891667,,,0.002096098,0.020236344,0.011451466,0.011791026,0.012986463,0.013248179,-0.04336938,-0.01,-0.025149781,0.006229283,0.024015454,0.021371642
31-07-2001,0.003016667,,,0.012488776,0.035611114,0.02235726,0.01471847,0.027103218,0.024948381,-0.016017025,-0.00990099,0.017548692,0.011503555,0.039476086,0.037234574
29-06-2001,0.002983333,,,-0.002199055,0.00751442,0.003778456,-0.028050567,0.005001793,0.005366353,0.018712916,0.041237113,0.004786143,0.00348048,0.010328292,0.00859859
31-05-2001,0.00315,,,0.009288944,0.006069318,0.006031729,0.018006076,0.008874931,0.003118919,0.023174362,-0.010204082,-0.016181496,0.005424006,0.001708928,0.001270808
30-04-2001,0.003316667,,,0.007286578,-0.019625241,-0.004150459,-0.012454545,-0.003262284,-0.012428384,0.013189023,0,0.018649438,0.002631425,-0.03144851,-0.027205371
30-03-2001,0.003583333,,,0.011813003,-0.00291439,0.005020228,-0.023541526,0.006131061,0.003207149,0.013304567,-0.01010101,0.045350875,0.008313679,-0.007987929,-0.005025985
28-02-2001,0.0039,,,0.013156778,0.012381454,0.00871128,0.013312705,0.00844902,0.012090156,0.023367065,-0.01,-0.003755832,0.006587928,0.017566042,0.017100532
31-01-2001,0.004008333,,,0.019382193,0.017639805,0.016353634,0.074914913,0.02862387,0.008134864,-0.032631267,0.01010101,0.039773102,0.012742682,-4.51549E-05,0.001701344
29-12-2000,0.004666667,,,0.00855223,0.022925465,0.018550338,0.019317196,0.018640566,0.019081252,-0.051971427,-0.01,0.029350653,0.01216767,0.023382625,0.023538506
30-11-2000,0.005075,,,0.011296443,0.02559343,0.016350956,-0.039603211,0.011871429,0.020495173,0.001916033,-0.019607843,0.005224869,0.009581721,0.033873202,0.031563267
31-10-2000,0.005008333,,,0.010884111,0.010400682,0.006617252,-0.032031078,0.000246002,0.009749035,0.009041283,0,0.015026559,0.005310281,0.01666019,0.015645859
29-09-2000,0.005108333,,,0.006916996,-0.008788237,0.006287041,-0.008737035,0.005479765,0.000792133,0.025482535,-0.019230769,-0.011499772,0.007402339,-0.017138492,-0.012124036
31-08-2000,0.00515,,,0.00998004,0.019586445,0.014493748,0.00683992,0.012512643,0.014683395,0.038137902,-0.018867925,-0.001211516,0.007331286,0.024403365,0.022795533
31-07-2000,0.005066667,,,0.007219227,0.017712048,0.009077383,0.007629227,0.012128184,0.010299069,0.006029233,0.039215686,0.019655973,0.00643249,0.019799511,0.017214884
30-06-2000,0.005141667,,,0.010060919,0.026769101,0.020804879,0.020364033,0.025115433,0.016856987,-0.044793485,-0.009708738,-0.020263939,0.010450519,0.021707006,0.021652789
31-05-2000,0.005275,,,9.23105E-05,-0.006144118,-0.00045898,-0.010254406,-0.003733833,0.001532969,0.031998559,-0.028301887,0.025500109,0.004287726,-0.005019266,-0.003622109
28-04-2000,0.005125,,,0.00997576,-0.010856738,-0.002863346,0.001603072,-0.008774008,-0.003166816,0.001262323,-0.036363636,-0.006400307,0.002180605,-0.009938761,-0.008008276
31-03-2000,0.005183333,,,0.022302707,0.023677217,0.013173695,-0.021022281,0.008520295,0.019860148,0.017616834,0.047619048,-0.028166581,0.006389983,0.037442066,0.034208364
29-02-2000,0.005183333,,,0.004019139,0.022101494,0.012093572,0.001938091,0.009272375,0.015038455,0.027982142,0,0.038866624,0.00662725,0.035481262,0.030172414
31-01-2000,0.0051,,,0.004517928,0.005961992,-0.003274363,-0.004314582,-0.0035237,0.002608596,0.003913894,-0.027777778,0.02643387,-0.000389686,0.017390827,0.014253204
31-12-1999,0.004866667,,,-0.003544061,-0.012086631,-0.004822211,0.011248366,-0.00529738,-0.006644002,0.019172618,-0.044247788,-0.01972508,0.000975166,-0.017676223,-0.014944744
30-11-1999,0.004625,,,0.00568346,-0.004398021,-7.16119E-05,0.011753092,0.001066587,-0.00190354,0.043434479,0.153061224,-0.012423914,0.001693149,-0.007594395,-0.00679661
29-10-1999,0.004525,,,0.003868098,0.002879196,0.003689639,-0.006642367,0.004596389,0.001087441,-0.02398113,0.031578947,-0.008516475,0.002415301,0.000106975,0.000644922
30-09-1999,0.004375,,,0.00554259,0.009461381,0.011609448,-0.00720072,0.010861643,0.007659956,0.011197244,-0.010416667,-0.05609626,0.006306247,0.00721905,0.007382762
31-08-1999,0.004333333,,,0.002632349,-0.004003449,-0.000508715,-0.011045107,-0.002433631,0.000146124,-0.024621946,-0.020408163,-0.051149538,0.002964817,-0.004665129,-0.003902496
30-07-1999,0.004191667,,,0.001855831,-0.007276062,-0.004257423,0.004012622,-0.00553324,-0.000844718,0.006504488,-0.048543689,-0.011546952,0.003371455,-0.005704841,-0.00480103
30-06-1999,0.00425,,,0.000390854,-0.011543575,-0.0031859,-0.002129441,-0.005214681,-0.002091767,0.019631251,-0.019047619,-0.010450863,0.002917192,-0.012270262,-0.010581806
31-05-1999,0.004041667,,,0.00936976,-0.016173148,-0.008758968,-0.01353729,-0.013374861,-0.009330282,0.007147151,-0.009433962,0.018595285,-0.000728766,-0.015859031,-0.015736957
30-04-1999,0.003908333,,,0.006652105,0.001190618,0.003168,0.01938176,0.002925971,0.002376868,0.021214188,-0.009345794,0.002505169,0.003123546,0.000829919,0.001417954
31-03-1999,0.003983333,,,0.002588095,-0.00047602,0.005541665,0.00953384,0.007078007,0.003838334,0.027186099,0,0.024039071,0.006757661,-0.004441002,-0.002307166
26-02-1999,0.003916667,,,-0.0047553,-0.043265399,-0.01745683,-0.005877707,-0.023733162,-0.025525419,0.030023095,-0.009259259,0.029820814,-0.004926764,-0.053426532,-0.04917352
29-01-1999,0.003758333,,,,0.010585663,0.007137249,0.014837736,0.009883498,0.005805796,0.018523964,-0.009174312,-0.032295814,0.003742315,0.009473996,0.009008763
31-12-1998,0.003766667,,,,-0.000919646,0.003006658,0.001100993,0.002903772,0.00195603,-0.017903552,-0.009090909,-0.026757115,0.003756372,-0.002313789,-0.002099752
30-11-1998,0.003775,,,,0.018916545,0.005663411,0.041494179,0.018844083,-0.000224078,0.03581844,0.028037383,-0.006271035,-0.001272861,0.009241318,0.00768498
30-10-1998,0.003433333,,,,-0.019917346,-0.00527547,-0.020483923,-0.015423352,-0.003198132,-0.044785714,0.009433962,-0.099879908,0.004982158,-0.016996337,-0.015119531
30-09-1998,0.003925,,,,0.036098721,0.023416028,0.004513032,0.032396505,0.027874019,-0.062479073,-0.027522936,-0.070496959,0.013856655,0.036813855,0.036601332
31-08-1998,0.004341667,,,,0.027874564,0.016274393,-0.055179143,0.004680459,0.027162611,-0.013411734,0.009259259,0.027648781,0.01243953,0.048919106,0.045133799
31-07-1998,0.004466667,,,,-0.005169059,0.002127263,0.005687393,-0.00094135,0.001567465,0.012509198,-0.027027027,0.003255885,0.004721566,-0.005703723,-0.004184996
30-06-1998,0.004508333,,,,0.018456584,0.008480849,0.003592465,0.00739061,0.011522214,0.010750507,-0.026315789,0.040286591,0.005164712,0.026342891,0.023233581
29-05-1998,0.004533333,,,,0.018418065,0.009485816,0.003476861,0.011869374,0.010391064,-0.01734104,0.036363636,0.023850582,0.005332585,0.021143521,0.0191002
30-04-1998,0.004483333,,,,0.005007924,0.005219605,0.003949882,0.006318552,0.004452674,0.010066438,0,0.020694549,0.004864979,0.003332038,0.003738565
31-03-1998,0.004491667,,,,0.002797025,0.003436338,0.009383229,0.003697695,0.002729734,0.018453968,0.018518519,0.025670711,0.003821927,0.002003227,0.002072211
27-02-1998,0.004425,,,,-0.004807996,-0.000753127,0.005856898,-0.00032647,-0.002975043,-0.007933279,0,-0.028529304,0.000779147,-0.007949213,-0.007185422
30-01-1998,0.004366667,,,,0.016331254,0.012838248,0.018000911,0.011860361,0.015315598,0.024664768,-0.052631579,-0.001438327,0.009726792,0.020966015,0.020350761
31-12-1997,0.004608333,,,,0.016336666,0.010068429,0.008772938,0.010596825,0.010525126,0.023029355,-0.042016807,0.0347132,0.006768433,0.017723988,0.016770232
28-11-1997,0.00455,,,,0.012638962,0.004604788,0.009552908,0.005642375,0.005216146,-0.030793607,-0.008333333,0.035694549,0.002526529,0.015730599,0.013274666
31-10-1997,0.00455,,,,0.028237055,0.01450722,0.000890334,0.01267808,0.017412418,-0.01265134,0,0.001410373,0.007490909,0.036786469,0.033687943
30-09-1997,0.0046,,,,0.025825365,0.014748187,0.019817615,0.017497461,0.015188507,-0.028159704,0.008403361,0.025103982,0.007621281,0.029603831,0.027543284
29-08-1997,0.004633333,,,,-0.02656611,-0.008529727,-0.002264805,-0.014765381,-0.010131524,0.020507285,-0.040322581,0.022132872,0.000880153,-0.030860105,-0.027843478
31-07-1997,0.004616667,,,,0.056947935,0.026966817,0.027458519,0.036594678,0.028684802,0.027731559,-0.015873016,0.009539251,0.011124295,0.064139568,0.058736518
30-06-1997,0.004741667,,,,0.019399707,0.011869312,0.013868374,0.014158576,0.011166973,0.006489429,0,-0.041166215,0.006869773,0.020887899,0.019291727
30-05-1997,0.004891667,,,,0.012001778,0.009453177,0.021394296,0.011314756,0.008642653,-0.019633329,-0.023255814,-0.051300684,0.006993007,0.011591707,0.011224759
30-04-1997,0.004991667,,,,0.022111162,0.01496942,0.010545262,0.01516482,0.014355664,-0.001093344,0.015748031,0.023326638,0.008110976,0.025402432,0.024134751
31-03-1997,0.004833333,,,,-0.024667651,-0.011081504,-0.014893928,-0.015571157,-0.010812398,0.006395709,-0.023076923,-0.001531366,-0.000757461,-0.027478697,-0.025589726
28-02-1997,0.004608333,,,,0.002665877,0.002487527,0.016539791,0.004187683,0.00122462,0.045137641,-0.037037037,0.042825861,0.002353656,0.000198203,0.000431474
31-01-1997,0.004675,,,,-0.005596465,0.003062223,0.009763827,0.001409609,0.000992927,0.046877351,-0.02173913,0.034491714,0.004729575,-0.008905186,-0.007104436
31-12-1996,0.004558333,,,,-0.02288099,-0.009297883,0.007159647,-0.013808763,-0.010300148,0.04218946,-0.007194245,0.015006795,0.00015259,-0.026144624,-0.024267899
29-11-1996,0.004516667,,,,0.03162114,0.017128571,0.019725557,0.021368735,0.017328627,0.013189258,0,-0.001036363,0.007378372,0.035730797,0.03336893
31-10-1996,0.004625,,,,0.037744569,0.022151483,0.00768941,0.027300352,0.021972755,0.019687272,-0.014184397,0.022571431,0.011270014,0.041835822,0.039333059
30-09-1996,0.004858333,,,,0.027382083,0.017426831,0.02410076,0.021201063,0.016436319,0.026103583,0,0.019145068,0.009098039,0.029176404,0.027564201
30-08-1996,0.004725,,,,-0.010493344,-0.001675986,0.010804239,-0.003081264,-0.002085439,-0.02362013,0.007142857,-0.012134711,0.003620907,-0.014309647,-0.012452544
31-07-1996,0.004875,,,,0.001097523,0.002736507,0.004655236,0.001934164,0.002372525,-0.020589872,-0.020979021,0.002119126,0.003871987,0,0.00036713
28-06-1996,0.004841667,,,,0.019582767,0.013429192,0.008272144,0.014668696,0.012675325,0.003190047,0,0.024615793,0.007242916,0.022336402,0.021281272
31-05-1996,0.0047,,,,-0.00437689,-0.002030594,0.006007621,-0.001745617,-0.001620746,0.029474548,-0.013793103,-0.007996306,0.002233567,-0.00532368,-0.005183413
30-04-1996,0.004616667,,,,-0.013735186,-0.005623775,0.002202179,-0.008294518,-0.006402824,0.018479806,0,0.011888805,0.00095816,-0.017710222,-0.016731798
29-03-1996,0.00445,,,,-0.015987025,-0.006951149,-0.000678934,-0.008520202,-0.008646343,-0.000668505,-0.013605442,0.001436836,-0.000877543,-0.02162494,-0.019894392
29-02-1996,0.004116667,,,,-0.044004725,-0.017382294,0.000796626,-0.02375987,-0.020478883,0.012607886,0.020833333,0.000346095,-0.003972984,-0.053097345,-0.048340293
31-01-1996,0.004241667,,,,0.000591017,0.006640614,0.017595727,0.006454509,0.006307043,0.016077723,0.014084507,0.038310448,0.008575092,-0.001161365,3.53895E-05
29-12-1995,0.004425,,,,0.024911032,0.014033729,0.01571695,0.016476131,0.014314171,0.01696249,0.007092199,-0.000887777,0.007590439,0.028808497,0.026581573
30-11-1995,0.004525,,,,0.024036598,0.014984955,0.008819506,0.019141823,0.015495533,-0.001397014,0,0.010918395,0.008551185,0.026016482,0.025012103
31-10-1995,0.004658333,,,,0.022597526,0.013004718,0.006169956,0.013012146,0.015458556,-0.034967981,0,0.002919076,0.008376447,0.030024553,0.027983361
29-09-1995,0.004683333,,,,0.017178805,0.009728559,0.012292532,0.01185231,0.009584707,-0.007858218,0,0.061297279,0.00486879,0.019816855,0.018387847
31-08-1995,0.004791667,,,,0.021250309,0.01206875,0.003120164,0.016114464,0.011591942,0.035133264,0,0.083999451,0.005893583,0.023954289,0.022182963
31-07-1995,0.004658333,,,,-0.012686021,-0.002233433,0.01263839,-0.004418089,-0.003711197,-0.002761477,0,0.032628152,0.003916667,-0.017772341,-0.01595995
30-06-1995,0.0047,,,,0.010684639,0.00733154,0.006359381,0.009007824,0.007886031,-0.008979731,-0.020833333,-0.005606684,0.005446167,0.012088552,0.011636518
31-05-1995,0.005,,,,0.066251862,0.038697237,0.028033473,0.047134477,0.04043441,0.027143359,0,0.017005718,0.017216398,0.082453098,0.076728127
28-04-1995,0.005225,,,,0.017930419,0.013968517,0.0254485,0.016872733,0.013080361,-0.027756427,0.014084507,-0.075454377,0.008856406,0.017974643,0.017824795
31-03-1995,0.005358333,,,,0.008456279,0.006135174,0.010760557,0.008159347,0.006287687,-0.079119151,0.014285714,-0.078557119,0.005707368,0.009477521,0.008638583
28-02-1995,0.005583333,,,,0.029831388,0.023775794,0.034285554,0.028829117,0.021342891,-0.01150587,0.007194245,-0.015327867,0.013585766,0.028064624,0.028348966
31-01-1995,0.005875,,,,0.025071225,0.019790434,0.013553447,0.021209065,0.018504723,-0.032056588,-0.014184397,-0.004156419,0.013592751,0.027202737,0.025653675
30-12-1994,0.00595,,,,0.013864818,0.006905254,0.007356098,0.008269654,0.006131107,0.025702377,-0.027586207,0.021810616,0.001958341,0.016521739,0.015387987
30-11-1994,0.00545,,,,0.003672207,-0.002220862,-0.012604923,-0.001642257,-0.002004698,0.024351676,-0.006849315,-0.003141745,-0.004166297,0.007093441,0.005920794
31-10-1994,0.005091667,,,,-0.003466872,-0.000891048,0.002379671,-0.002293885,-0.000627943,-0.018926466,0.013888889,-0.00426528,0.002310084,-0.003229749,-0.003467972
30-09-1994,0.0048,,,,-0.027533246,-0.014718287,5.6662E-05,-0.018637626,-0.014048174,-0.022148058,0,-0.011667954,-0.00230476,-0.034145519,-0.031505038
31-08-1994,0.004633333,,,,-0.003824984,0.001240973,0.007075808,0.001126835,0.000235912,-0.004154392,0.006993007,0.015190208,0.003290644,-0.009850572,-0.007346951
29-07-1994,0.004566667,,,,0.031466513,0.019863242,0.008488232,0.025251313,0.018226039,-0.035550375,0,-0.039808284,0.008882907,0.036963296,0.033861031
30-06-1994,0.004391667,,,,-0.008207673,-0.002209945,0.00308829,-0.002454575,-0.002246922,-0.028176991,0.014184397,-0.011825166,0.002518665,-0.010365801,-0.009470399
31-05-1994,0.004425,,,,-0.003897709,-0.000140294,0.000519796,-0.003683214,-0.001211867,-0.017937843,-0.013986014,0.002599428,0.001441312,-0.008241291,-0.006599343
29-04-1994,0.004016667,,,,-0.011000376,-0.007985108,-0.006854422,-0.009628875,-0.007822937,0.006367198,0.014184397,-0.015348619,-0.003858579,-0.012418191,-0.01184428
31-03-1994,0.0036,,,,-0.043094917,-0.02465428,-0.037779066,-0.030691269,-0.022434409,-0.018743563,-0.020833333,-0.011323495,-0.005,-0.045643818,-0.043877329
28-02-1994,0.003225,,,,-0.035658511,-0.017373326,-0.002614775,-0.02360719,-0.021469953,-0.01026094,-0.01369863,-0.046126443,-0.006122992,-0.043358358,-0.041047318
31-01-1994,0.00295,,,,0.023259943,0.013501639,0.021709786,0.019406132,0.013776325,0.005603389,0.042857143,0.013906453,0.006250558,0.024968593,0.023977333
31-12-1993,0.003008333,,,,0.004458712,0.005419732,0.01244199,0.005876114,0.003858382,-0.022379584,0.014492754,0.018878069,0.00394442,0.002282207,0.00317093
30-11-1993,0.002983333,,,,-0.023000523,-0.008506839,0.004806179,-0.012273326,-0.010962311,0.03720898,,0.008003177,0.000179324,-0.027029096,-0.02559499
29-10-1993,0.002825,,,,0.007107133,0.003736706,0.020256268,0.005036493,0.003729898,0.017627979,,0.013688873,0.002246585,0.008260635,0.007205338
30-09-1993,0.0028,,,,0.001934066,0.002746647,0.002575132,0.002381631,0.003917333,-0.052385407,,0.017441334,0.003155143,0.002321442,0.00350275
31-08-1993,0.002866667,,,,0.036824355,0.017527819,0.008439815,0.024861515,0.022275551,-0.011949561,,-0.036459736,0.008362876,0.043271171,0.040180858
30-07-1993,0.002891667,,,,0.014705882,0.005655893,0.009653487,0.00724307,0.005879304,0.02559415,,0.002603066,0.002095099,0.019338381,0.01613239
30-06-1993,0.00295,,,,0.036724518,0.018123046,0.02098987,0.024277335,0.022378004,0.018270822,,-0.02656444,0.007618173,0.044075952,0.042260069
31-05-1993,0.0028,,,,0.00346387,0.001273412,0.011881676,0.001177554,-0.001224897,-0.006507295,,-0.018400269,-0.002563398,0.004487788,0.003280575
30-04-1993,0.0027,,,,0.006683456,0.006963491,0.008725082,0.007697808,0.007849054,-0.039918453,,-0.039361668,0.006079027,0.007214882,0.007661094
31-03-1993,0.002775,,,,0.002330097,0.00416689,0.012862849,0.00349597,0.003318246,0.001844775,,-0.030988038,0.00295612,0.002090592,0.002528743
26-02-1993,0.002825,,,,,0.017505232,0.017634257,0.022956554,0.020059273,0.027345336,,-0.033871443,0.008102067,0.034980166,0.033420442
29-01-1993,0.002916667,,,,,0.019176202,0.029081448,0.023299668,0.021461689,0.039032281,,0.007677306,0.010445093,0.027703141,0.028496544
31-12-1992,0.003091667,,,,,0.015901426,0.011425716,0.01845643,0.017014243,-0.005038136,,0.001298838,0.009499383,0.028786579,0.027443312
30-11-1992,0.003066667,,,,,0.000226138,0.012581374,0.001597548,-0.002037549,0.084623558,,0.022405773,-0.001612291,0.005559283,0.003787748
30-10-1992,0.00275,,,,,-0.013276558,-0.014099963,-0.017788808,-0.014690652,0.030985915,,-0.011676497,-0.005845748,-0.021202739,-0.021001888
30-09-1992,0.00265,,,,,0.011872507,0.010178715,0.012138204,0.014581548,-0.014345211,,-0.028790868,0.00951837,0.014659686,0.015751267
31-08-1992,0.002891667,,,,,0.010130191,0.013102815,0.007757508,0.009464906,-0.028545741,,0.002774827,0.008253359,0.006033327,0.006930318
31-07-1992,0.003,,,,,0.020402226,0.015097077,0.026693942,0.025504142,-0.063368421,,-0.007519977,0.011650485,0.043365308,0.041624767
30-06-1992,0.003475,,,,,0.01376246,0.009415539,0.015650545,0.014481681,-0.044073254,,-0.030094593,0.01010101,0.012955466,0.014501202
29-05-1992,0.003491667,,,,,0.018869814,0.014110408,0.022337518,0.018378603,-0.018889035,,-0.020731694,0.009304167,0.028952302,0.027747613
30-04-1992,0.003583333,,,,,0.00722313,0.003798367,0.004986702,0.006263157,0.006625149,,0.00509398,0.009089093,-0.002285952,-0.000972653
31-03-1992,0.003858333,,,,,-0.005637589,0.012398922,-0.004285864,-0.006000761,0.036604629,,0.04043731,-0.000399361,-0.011199014,-0.01104349
28-02-1992,0.003575,,,,,0.006502161,0.024673173,0.009586126,0.003871326,0.037182135,,0.017834171,0.003104657,,0.005898552
31-01-1992,0.003458333,,,,,-0.013604223,0.035225497,-0.01248871,-0.01600615,0.013280404,,-0.020135193,,,-0.031413896
31-12-1991,0.00365,,,,,0.0296983,0.014385707,0.032681614,0.034549792,-0.03436019,,-0.012285537,,,0.059602017
29-11-1991,0.004075,,,,,0.009169185,0.005208941,0.009799127,0.010013566,-0.029294364,,-0.008718972,,,0.005568998
31-10-1991,0.004441667,,,,,0.0111339,0.033381538,0.009471394,0.008877924,-0.001486185,,-0.026263687,,,0.002232572
30-09-1991,0.004641667,,,,,0.020263489,0.013929619,0.020621058,0.021071987,-0.026182488,,-0.018396186,,,0.031465269
30-08-1991,0.004816667,,,,,0.021640017,0.023,0.022633588,0.023159123,-0.018086687,,-0.007353987,,,0.03445939
31-07-1991,0.005258333,,,,,0.013867386,0.031991744,0.014383336,0.01170559,0.012028502,,-0.013721176,,,0.014859739
28-06-1991,0.0053,,,,,-0.000508433,0.029573225,-0.000154844,-0.001501387,0.049608893,,0.011038056,,,-0.007385341
31-05-1991,0.005108333,,,,,0.005847823,0.001818424,0.006879482,0.003719741,0.012153622,,0.008088966,,,-0.00093006
30-04-1991,0.0052,,,,,0.010833408,0.040999123,0.012970092,0.010992614,0.034559563,,-0.001994371,,,0.012683662
29-03-1991,0.005333333,,,,,0.006879696,0.058912682,0.012330629,0.005039443,0.097201419,,0.05248292,,,0.0040348
28-02-1991,0.005225,,,,,0.008536084,0.109399577,0.017115213,0.005339153,-0.00228095,,-0.023656194,,,0.004390223
31-01-1991,0.005533333,,,,,0.012361653,0.027474365,0.01265927,0.010713934,-0.007803964,,-0.001422074,,,0.01174511
31-12-1990,0.005875,,,,,0.015581368,0.005604125,0.014090093,,0.019492402,,0.036168262,,,0.019840146
30-11-1990,0.006091667,,,,,0.021525997,0.031206657,0.020557721,,-0.019425807,,-0.002896808,,,0.041697861
31-10-1990,0.006291667,,,,,0.012696024,-0.05251054,0.004493805,,-0.019205754,,-0.063923491,,,0.022904483
28-09-1990,0.006466667,,,,,0.008272959,-0.072991219,0.004578873,,-0.000535332,,-0.06117147,,,0.011573042
31-08-1990,0.006483333,,,,,-0.013354585,-0.056917185,-0.015929428,,-0.06090204,,-0.010591823,,,-0.042245605
31-07-1990,0.006616667,,,,,0.013833121,0.026939337,0.011317445,,-0.022877193,,-0.030294927,,,0.009487063
29-06-1990,0.00675,,,,,0.016045175,0.024166751,0.017081185,,0.003662488,,-0.00226169,,,0.023009589
31-05-1990,0.006933333,,,,,0.029608381,0.019295905,0.032347193,,-0.04493475,,-0.027859012,,,0.046354559
30-04-1990,0.007,,,,,-0.009161506,-0.00169066,-0.010425466,,-0.01764356,,0.033595072,,,-0.023880668
30-03-1990,0.006958333,,,,,0.000736508,0.026235542,0.000912226,,0.01707104,,0.052267367,,,-0.004132915
28-02-1990,0.006758333,,,,,0.003235834,-0.020647752,0.002900814,,-0.019505766,,0.00490613,,,-0.002919914
31-01-1990,0.0066,,,,,-0.011883182,-0.021464201,-0.012450419,,-0.03257682,,0.009025994,,,-0.036023971
29-12-1989,0.006433333,,,,,0.002675822,0.001564392,0.001058855,,-0.03107048,,0.001049923,,,-0.001767425
30-11-1989,0.006475,,,,,0.009531091,-0.001964241,0.006907887,,-0.006931665,,0.009335706,,,0.009123545
31-10-1989,0.006658333,,,,,0.024623339,-0.023700644,0.023018542,,-0.033440057,,-0.019737368,,,0.040320662
29-09-1989,0.00685,,,,,0.005117842,-0.016823785,0.00461124,,0.015718157,,0.025336926,,,0.00293451
31-08-1989,0.006816667,,,,,-0.014815772,0.003395586,-0.01083864,,0.019900498,,0.007557113,,,-0.02670382
31-07-1989,0.006575,,,,,0.021256932,-0.001308013,0.019404737,,-0.047281877,,-0.024703971,,,0.023724059
30-06-1989,0.007033333,,,,,0.030448151,0.012408652,0.029625767,,-0.011625217,,0.044372119,,,0.057119164
31-05-1989,0.007483333,,,,,0.026277576,0.01939903,0.027268522,,0.049851236,,0.044132494,,,0.036788078
28-04-1989,0.0078,,,,,0.020925989,0.004217503,0.020320457,,0.022284295,,0.011383343,,,0.025406748
31-03-1989,0.007975,,,,,0.00432355,-0.007821062,0.002939931,,0.023506989,,0.022021741,,,0.010665299
28-02-1989,0.007708333,,,,,-0.007248437,0.002196705,-0.005648458,,0.007746975,,0.002943567,,,-0.020755665
31-01-1989,0.007541667,,,,,0.014388282,0.017629426,0.014782412,,0.055409149,,0.030377582,,,0.02114045
30-12-1988,0.007491667,,,,,0.001125801,0.004696034,0.002722529,,0.008449744,,0.003292154,,,0.012908166
30-11-1988,0.007066667,,,,,-0.012147827,0.005904703,-0.009612024,,-0.045342181,,-0.042574438,,,-0.022404021
31-10-1988,0.006758333,,,,,0.018826264,0.012108299,0.017477011,,-0.024866785,,-0.041968439,,,0.030384838
30-09-1988,0.006741667,,,,,0.022639491,0.0125763,0.021564811,,-0.004609459,,0.004122868,,,0.036964036
31-08-1988,0.006808333,,,,,0.002621388,-0.001471206,0.004221718,,0.032197093,,0.005597591,,,0.004216867
29-07-1988,0.006458333,,,,,-0.005244911,0.006558071,-0.00226209,,0.048807164,,0.043588265,,,-0.019740172
30-06-1988,0.006241667,,,,,0.024126001,0.014595407,0.0239344,,0.03670895,,0.021463757,,,0.042079353
31-05-1988,0.006166667,,,,,-0.006721929,0.001504729,-0.005428163,,0.02083484,,-0.000884725,,,-0.015037377
29-04-1988,0.005841667,,,,,-0.005396492,0.007635241,-0.007072433,,-0.002885378,,-0.017435544,,,-0.017552317
31-03-1988,0.005591667,,,,,-0.009384931,-0.010396013,-0.00860159,,-0.003808566,,-0.015891117,,,-0.030301364
29-02-1988,0.005533333,,,,,0.011870417,0.032363355,0.01371347,,0.033417496,,0.011600396,,,0.010811862
29-01-1988,0.005825,,,,,0.035152118,0.033445772,0.039211379,,0.012176789,,-0.004339459,,,0.060639113
31-12-1987,0.005975,,,,,0.013621744,0.024063232,0.018913323,,-0.037685353,,-0.052848873,,,0.01999579
30-11-1987,0.0058,,,,,0.008009662,0.028791712,0.010660257,,-0.074631861,,-0.055279096,,,0.000270693
30-10-1987,0.006325,,,,,0.035615537,-0.032686593,0.033369371,,-0.005921884,,0.000202385,,,0.072550727
30-09-1987,0.006391667,,,,,-0.021294417,-0.031488065,-0.02819741,,-0.021804218,,-0.027443033,,,-0.043771979
31-08-1987,0.005858333,,,,,-0.005351192,0.006188962,-0.005619088,,-6.5083E-05,,-0.019692083,,,-0.016444175
31-07-1987,0.005566667,,,,,-0.000768443,0.002675776,-0.002731471,,0.018561485,,0.03974002,,,-0.017614974
30-06-1987,0.005666667,,,,,0.013762659,0.012800554,0.014541611,,0.02584155,,0.028975861,,,0.01127287
29-05-1987,0.005833333,,,,,-0.003912186,0.007201347,-0.004550237,,-0.016979745,,-0.016932286,,,-0.011765757
30-04-1987,0.005416667,,,,,-0.027420521,-0.034755311,-0.032867594,,-0.028068352,,-0.056358843,,,-0.048061928
31-03-1987,0.005025,,,,,-0.004507748,0.006886042,-0.003999562,,-0.000779069,,-0.01286514,,,-0.01869835
27-02-1987,0.004966667,,,,,0.006934594,0.021211597,0.006035552,,-0.013639857,,-0.009188817,,,0.013336717
30-01-1987,0.004816667,,,,,0.014096663,0.041356543,0.021824838,,-0.061933081,,-0.044570796,,,0.017588156
31-12-1986,0.004891667,,,,,0.003753971,-0.002872875,0.009007473,,-0.012516313,,-0.004894706,,,-0.001060476
28-11-1986,0.004833333,,,,,0.013989654,-0.002686086,0.014412129,,0.025862594,,0.040755456,,,0.018329344
31-10-1986,0.004766667,,,,,0.014455923,0.023208942,0.01676387,,-0.006288928,,0.01125111,,,0.018126709
30-09-1986,0.004808333,,,,,-0.009868959,0.011990852,-0.002863906,,-0.004754454,,0.003595216,,,-0.037056114
29-08-1986,0.004941667,,,,,0.024850129,0.015375926,0.020518326,,-0.04752078,,-0.027923299,,,0.046881553
31-07-1986,0.005225,,,,,0.008852249,-0.010003107,0.004523667,,-0.052211235,,-0.053335912,,,-0.007433397
30-06-1986,0.005608333,,,,,0.026177103,0.011119487,0.018770029,,-0.007120509,,0.003056312,,,0.063025476
30-05-1986,0.005541667,,,,,-0.019113046,0.010987615,-0.010987352,,-0.025136727,,-0.04603528,,,-0.058645006
30-04-1986,0.005366667,,,,,0.005299326,0.015871992,0.005432473,,-0.006997389,,-0.020157387,,,-0.00370546
31-03-1986,0.005858333,,,,,0.03105612,0.038458961,0.024341717,,-0.020310022,,-0.033312127,,,0.085008523
28-02-1986,0.006341667,,,,,0.039425473,0.038477595,0.047819147,,-0.053872217,,-0.075235692,,,0.104829253
31-01-1986,0.006441667,,,,,0.005563539,0.01318294,0.007449462,,-0.018154168,,-0.014288807,,,0.001958271
31-12-1985,0.006391667,,,,,0.030566525,0.037597835,0.032879127,,-0.012390876,,-0.006299685,,,0.056857949
29-11-1985,0.006566667,,,,,0.024029862,0.024889422,0.025799722,,-0.017794579,,-0.049407375,,,0.041585012
31-10-1985,0.006675,,,,,0.020960699,0.002630788,0.024362445,,-0.071364356,,-0.092365581,,,0.036269851
30-09-1985,0.006725,,,,,0.006030592,0.00956139,0.000605866,,0.017289435,,-0.003930752,,,0.001871821
30-08-1985,0.006708333,,,,,0.018798063,0.020126955,0.023752189,,-0.04563591,,-0.015242411,,,0.025710589
31-07-1985,0.00655,,,,,-0.003487005,0.008430913,-0.004105955,,-0.064577583,,-0.030958045,,,-0.015734122
28-06-1985,0.0065,,,,,0.010571604,0.012648221,0.007910639,,-0.016405354,,-0.011478591,,,0.012267643
31-05-1985,0.00705,,,,,0.052257147,0.042353329,0.063610159,,0.0077848,,-0.0004606,,,0.085986542
30-04-1985,0.007616667,,,,,0.020683889,0.01829166,0.022340807,,-0.074376628,,-0.023553769,,,0.021921728
29-03-1985,0.008216667,,,,,0.020387085,0.004297632,0.019404863,,-0.000427884,,-0.009817727,,,0.030043735
28-02-1985,0.007741667,,,,,-0.020453946,0.012629064,-0.025400593,,0.054719819,,0.024765238,,,-0.047627671
31-01-1985,0.007516667,,,,,0.022764081,0.037998229,0.029028581,,0.038590735,,0.02507985,,,0.034663669
31-12-1984,0.007775,,,,,0.014606536,-0.000884956,0.012865979,,0.036518219,,0.017787182,,,0.012905675
30-11-1984,0.008183333,,,,,0.017887841,0.009108769,0.017240656,,-0.021588433,,-0.012660357,,,0.011227329
31-10-1984,0.009083333,,,,,0.042427471,0.032930541,0.05105595,,0.007824664,,0.005286877,,,0.060931535
28-09-1984,0.00965,,,,,0.023750496,0.023218499,0.029924621,,0.037225673,,0.013191976,,,0.030314155
31-08-1984,0.00985,,,,,0.01683977,0.025653437,0.022424439,,0.001451379,,-0.00331883,,,0.025438313
31-07-1984,0.010025,,,,,0.044994731,0.023481621,0.054799216,,0.056193062,,0.040681915,,,0.074425055
29-06-1984,0.010066667,,,,,0.01280683,0.015698903,0.013500099,,0.00670194,,0.013398259,,,0.015610329
31-05-1984,0.009716667,,,,,-0.031174068,-0.038137644,-0.037408628,,0.035002054,,0.023435613,,,-0.05380643
30-04-1984,0.009083333,,,,,-0.001960683,-0.012898911,-0.008667235,,0.019683574,,-0.000294762,,,-0.012122874
30-03-1984,0.008825,,,,,-0.011223917,-0.009276789,-0.013318379,,-0.025396825,,-0.035659383,,,-0.02094522
29-02-1984,0.008366667,,,,,-0.005126383,-0.008633634,-0.011593533,,-0.014745308,,-0.000871257,,,-0.018553658
31-01-1984,0.00825,,,,,0.020617489,0.035367276,0.027966383,,0.01805941,,-0.002825186,,,0.020164543
30-12-1983,0.008425,,,,,0.001920382,-0.006755453,-0.003123965,,0.012994793,,-0.002415011,,,-0.0055612
30-11-1983,0.008283333,,,,,0.01144417,0.006899232,0.012023376,,0.027412177,,0.009208388,,,0.019294708
31-10-1983,0.008175,,,,,0.00358253,0.009515401,-0.000430931,,-0.023169773,,-0.039037955,,,-0.012752906
30-09-1983,0.008466667,,,,,0.032979592,0.025450156,0.0362193,,-0.00041605,,-0.008652085,,,0.049291401
31-08-1983,0.008775,,,,,0.006959667,0.012218715,0.005287047,,0.021148036,,0.016403483,,,0.006478377
29-07-1983,0.0085,,,,,-0.02364901,,-0.031916948,,0.002887847,,0.002018903,,,-0.0511189
30-06-1983,0.00805,,,,,0.001071237,,0.000193181,,0.026783978,,0.02247315,,,0.004985639
31-05-1983,0.007416667,,,,,-0.013109208,,-0.020112631,,-0.000728615,,-0.012580616,,,-0.036396867
29-04-1983,0.007483333,,,,,0.027872861,,0.040935961,,-0.003678072,,-0.002130497,,,0.036760327
31-03-1983,0.007533333,,,,,0.002614806,,0.012872967,,0.023934589,,0.009034347,,,-0.006721876
28-02-1983,0.007433333,,,,,0.02869151,,0.034692824,,0.025458611,,0.014566603,,,0.050087526
31-01-1983,0.007183333,,,,,0.001683974,,0.004980803,,-0.040095605,,-0.038068325,,,-0.028845627
31-12-1982,0.007425,,,,,0.020098488,,0.018279797,,-0.065204505,,-0.083860715,,,0.025359874
30-11-1982,0.007633333,,,,,0.00977161,,0.015886647,,0.008924875,,-0.027712387,,,-0.003418324
29-10-1982,0.007766667,,,,,0.052968037,,0.066758273,,0.014894014,,0.031635976,,,0.08473649
30-09-1982,0.009041667,,,,,0.040478905,,0.050902527,,0.014157867,,0.016368553,,,0.064651825
31-08-1982,0.009525,,,,,0.054579464,,0.071083328,,0.007585878,,0.015741224,,,0.078297278
30-07-1982,0.011033333,,,,,0.042990524,,0.045479046,,0.008225504,,0.015260092,,,0.046443698
30-06-1982,0.011725,,,,,-0.01570537,,-0.024002104,,0.066102564,,0.060069167,,,-0.022276167
31-05-1982,0.011116667,,,,,0.016239197,,0.019304243,,-0.006318793,,-0.029263011,,,0.008206162
30-04-1982,0.01165,,,,,0.028014616,,0.035610162,,0.039076565,,0.01193268,,,0.033092883
31-03-1982,0.011625,,,,,0.012697722,,0.015723049,,-0.001216352,,0.025170247,,,0.023909236
26-02-1982,0.012275,,,,,0.019529516,,0.022935449,,0.025322633,,0.046709815,,,0.018140941
29-01-1982,0.011933333,,,,,0.0063277,,0.001372237,,0.015976201,,0.026720163,,,0.002798725
31-12-1981,0.010708333,,,,,-0.037405948,,-0.047337278,,0.016406294,,-0.018698793,,,-0.048805738
30-11-1981,0.010341667,,,,,0.085232133,,0.106930693,,-0.052321571,,-0.036248861,,,0.110262726
30-10-1981,0.012816667,,,,,0.058528153,,0.058870968,,-0.068140236,,0.00888091,,,0.076732673
30-09-1981,0.013766667,,,,,-0.000658111,,-0.017354782,,-0.067978616,,-0.016479932,,,-0.017202433
31-08-1981,0.013933333,,,,,-0.021098406,,-0.025935932,,0.034173776,,0.004304725,,,-0.041392521
31-07-1981,0.0131,,,,,-0.019270257,,-0.023075183,,0.011522515,,0.036335007,,,-0.031537345
30-06-1981,0.012383333,,,,,-0.002285084,,-0.001054614,,0.003871842,,0.016099461,,,-0.021313546
29-05-1981,0.0135,,,,,0.035915435,,0.043550035,,0.046707194,,0.02629411,,,0.064448366
30-04-1981,0.011933333,,,,,-0.03565806,,-0.051733135,,0.02710859,,0.0296185,,,-0.052920579
31-03-1981,0.011425,,,,,0.023773068,,0.023186637,,-0.010452065,,0.014948227,,,0.030844955
27-02-1981,0.012141667,,,,,-0.018973832,,-0.02346194,,0.065737489,,0.016554107,,,-0.039098219
30-01-1981,0.011733333,,,,,0.000474571,,-0.001710164,,0.020723647,,-0.033996599,,,-0.010066329
31-12-1980,0.0124,,,,,0.027301536,,0.027975235,,0.034414832,,-0.01697419,,,0.036057887
28-11-1980,0.011791667,,,,,-0.001865369,,-0.004792332,,0.038570311,,0.01807353,,,0.009137636
31-10-1980,0.010408333,,,,,-0.011464764,,-0.010239422,,0.013910073,,-0.023757478,,,-0.025675676
30-09-1980,0.0096,,,,,-0.010472035,,-0.018909736,,-0.007928822,,-0.04241409,,,-0.026240421
29-08-1980,0.008533333,,,,,-0.035798975,,-0.040742578,,0.027615375,,0.012559669,,,-0.039693749
31-07-1980,0.007208333,,,,,-0.020675706,,-0.026756775,,-0.01597405,,0.014770721,,,-0.039208684
30-06-1980,0.0068,,,,,0.018852084,,0.024878083,,-0.017557573,,-0.046848907,,,0.029256101
30-05-1980,0.007825,,,,,0.047154731,,0.057790072,,-0.05580788,,-0.08649046,,,0.043011577
30-04-1980,0.011083333,,,,,0.113365368,,0.128871635,,-0.001643711,,0.007229596,,,0.143320477
31-03-1980,0.013183333,,,,,0.000801496,,-0.008119873,,0.075399244,,0.016896255,,,-0.001138254
29-02-1980,0.0116,,,,,-0.059153749,,-0.06940874,,0.028395913,,0.027161453,,,-0.073121247
31-01-1980,0.01005,,,,,-0.030463038,,-0.048265125,,-0.002313946,,-0.010341779,,,-0.066727259
31-12-1979,0.009983333,,,,,0.002687953,,-0.003987594,,-0.026721042,,-0.018816316,,,0.003572514
30-11-1979,0.010325,,,,,0.029172605,,0.02544298,,0.007357901,,0.062909653,,,0.031115291
31-10-1979,0.010366667,,,,,-0.060782616,,-0.080874165,,0.012164091,,0.036287333,,,-0.079769203
28-09-1979,0.009033333,,,,,-0.010440203,,-0.02058623,,-0.027579964,,0.020594175,,,-0.010067114
31-08-1979,0.008316667,,,,,-0.002564501,,-0.000340716,,0.004912366,,0.006538728,,,-0.004407165
31-07-1979,0.008033333,,,,,0.00046649,,0.001638113,,-0.029487934,,-0.00954589,,,-0.006146238
29-06-1979,0.007975,,,,,0.021766762,,0.02332891,,-0.016383952,,0.000836027,,,0.031029208
31-05-1979,0.008433333,,,,,0.018693858,,0.023300693,,0.005588869,,0.009843022,,,0.023254081
30-04-1979,0.008433333,,,,,-0.0016159,,-0.005968028,,0.021528397,,0.048281438,,,-0.010107717
30-03-1979,0.008541667,,,,,0.010284875,,0.011425697,,0.003760745,,0.029008435,,,0.013307416
28-02-1979,0.008533333,,,,,-0.004226611,,-0.01017142,,0.002273543,,0.013917221,,,-0.013132655
31-01-1979,0.008675,,,,,0.018713257,,0.020320778,,-0.002566092,,0.009185782,,,0.021093868
29-12-1978,0.008583333,,,,,-0.009594883,,-0.014518667,,0.00041791,,0.019842044,,,-0.01359887
30-11-1978,0.008341667,,,,,0.009771447,,0.010625226,,0.090139928,,0.046351106,,,0.01615948
31-10-1978,0.007616667,,,,,-0.014123602,,-0.019975916,,-0.021150538,,-0.033111397,,,-0.019763138
29-09-1978,0.0072,,,,,-0.00040803,,-0.003458986,,-0.058481286,,0.006411439,,,-0.009821167
31-08-1978,0.006925,,,,,0.015833541,,0.022004184,,-0.075831486,,-0.055013258,,,0.021639835
31-07-1978,0.006991667,,,,,0.0114027,,0.013008843,,-0.043173862,,-0.067307189,,,0.015434915
30-06-1978,0.006741667,,,,,-0.000251467,,0.002197319,,-0.040606554,,-0.053374634,,,-0.00627125
31-05-1978,0.006516667,,,,,-0.004506008,,-0.00928815,,0.031492757,,0.019479214,,,-0.006455972
28-04-1978,0.006208333,,,,,0.001420573,,0.000145148,,0.003529102,,-0.043131684,,,0.000150161
31-03-1978,0.006091667,,,,,0.003185514,,0.002036216,,-0.00576067,,-0.035423398,,,-0.002770291
28-02-1978,0.006116667,,,,,0.003871076,,0.005043122,,-0.038664854,,-0.002940091,,,-0.000224568
31-01-1978,0.006066667,,,,,-0.002350768,,-0.003495994,,-0.043760832,,0.000241056,,,-0.008093258
30-12-1977,0.0058,,,,,-0.004429957,,-0.008091316,,-0.05483005,,-0.015037437,,,-0.014055637
30-11-1977,0.005791667,,,,,0.008939113,,0.008671573,,-0.035250219,,-0.039419497,,,0.010504513
31-10-1977,0.005808333,,,,,-0.005284792,,-0.006299783,,-0.040640135,,-0.045078157,,,-0.009887937
30-09-1977,0.005441667,,,,,0,,-0.001229479,,-0.014075735,,0.000347236,,,-0.003139603
31-08-1977,0.005308333,,,,,0.009569783,,0.011189118,,-0.000871189,,0.006849574,,,0.017760273
29-07-1977,0.00495,,,,,-0.000592467,,0.002566171,,-0.03173328,,-0.029310539,,,-0.006056577
30-06-1977,0.004833333,,,,,0.01416309,,0.016243201,,-0.011828683,,-0.016455908,,,0.016823132
31-05-1977,0.004866667,,,,,0.006914434,,0.009401324,,-0.002810323,,0.008063382,,,0.010779625
29-04-1977,0.004533333,,,,,0.009070295,,0.010948905,,-0.009449128,,-0.017911939,,,0.007957763
31-03-1977,0.004583333,,,,,0.007468588,,0.007893325,,0.011741838,,-0.016825362,,,0.008955454
28-02-1977,0.004558333,,,,,0.003792556,,0.002766464,,0.011434762,,-0.02071895,,,-0.002694795
31-01-1977,0.004408333,,,,,-0.019204152,,-0.022240589,,0.01747224,,-0.01238303,,,-0.036141002
31-12-1976,0.004075,,,,,0.018233066,,0.027960145,,0.003317633,,-0.001570645,,,0.033913911
30-11-1976,0.004408333,,,,,0.024176816,,0.025423729,,-0.002043736,,0.013655392,,,0.034282993
29-10-1976,0.004583333,,,,,0.010759551,,0.0099992,,-0.010835726,,0.013321223,,,0.008967892
30-09-1976,0.004866667,,,,,0.013773341,,0.016754778,,-0.003224116,,-0.01123403,,,0.015613564
31-08-1976,0.005,,,,,0.017877305,,0.021943313,,-0.001488934,,-0.013627092,,,0.021515202
30-07-1976,0.005166667,,,,,0.01170871,,0.013478224,,0.005909974,,-0.015207348,,,0.006185222
30-06-1976,0.005433333,,,,,0.014191929,,0.015049166,,-0.006794516,,0.000625075,,,0.020296776
31-05-1976,0.005333333,,,,,-0.0090883,,-0.009234158,,-0.016722011,,-0.000349706,,,-0.013544208
30-04-1976,0.004933333,,,,,0.005579606,,0.004083021,,-0.014031805,,-0.004690896,,,-0.00176352
31-03-1976,0.005175,,,,,0.011974299,,0.014672881,,-0.001712062,,-0.003568037,,,0.019520548
27-02-1976,0.004925,,,,,0.007552722,,0.009497255,,-0.01267768,,-0.0099834,,,0.00404023
30-01-1976,0.004841667,,,,,,,0.029142755,,-0.011656605,,-0.003383714,,,0.010949857
31-12-1975,0.0055,,,,,,,0.03537276,,-0.007574045,,0.01032804,,,0.035920058
28-11-1975,0.005408333,,,,,,,-0.004620645,,-0.003492171,,0.000690952,,,-0.00830283
31-10-1975,0.005791667,,,,,,,0.047531462,,-0.01727001,,0.008093788,,,0.04682243
30-09-1975,0.006458333,,,,,,,-0.011956002,,0.011647441,,0.006486424,,,-0.014642232
29-08-1975,0.006416667,,,,,,,-0.004949082,,0.02467294,,0.005405668,,,-0.002663483
31-07-1975,0.005925,,,,,,,-0.002184236,,0.047943558,,0.009908807,,,-0.008378871
30-06-1975,0.005241667,,,,,,,0.027016483,,-0.005977048,,0.006985199,,,0.024253731
30-05-1975,0.005325,,,,,,,0.026120897,,-0.019266091,,-0.002622548,,,0.024073366
30-04-1975,0.00575,,,,,,,-0.008533439,,0.030360378,,0.014753328,,,-0.016165414
31-03-1975,0.005091667,,,,,,,-0.0319854,,0.004205248,,-0.012719336,,,-0.025194686
28-02-1975,0.004983333,,,,,,,0.019886364,,-0.02163937,,-0.026782166,,,0.007569464
31-01-1975,0.005691667,,,,,,,0.068229385,,-0.028815122,,-0.002419682,,,0.019864432
31-12-1974,0.006091667,,,,,,,-0.008199273,,-0.053630513,,0.001121053,,,0.012197446
29-11-1974,0.006383333,,,,,,,-0.003207118,,-0.050507492,,0.002373361,,,0.027212216
31-10-1974,0.006708333,,,,,,,0.072807991,,-0.03340341,,0.000937864,,,0.040219937
30-09-1974,0.007391667,,,,,,,0.011563938,,0.004054145,,-0.010584762,,,0.018247797
30-08-1974,0.0078,,,,,,,-0.024424973,,0.006882127,,0.038846656,,,-0.01802077
31-07-1974,0.007333333,,,,,,,-0.008578564,,-0.008595605,,0.028306888,,,-0.008979921
28-06-1974,0.007225,,,,,,,-0.045303753,,0.024886025,,0.014351549,,,0.000807836
31-05-1974,0.007316667,,,,,,,0.006994467,,-0.036240502,,0.004292337,,,0.015171707
30-04-1974,0.007183333,,,,,,,-0.029778183,,-0.016824737,,-0.015560764,,,-0.019991963
29-03-1974,0.006466667,,,,,,,-0.030347672,,-0.030696093,,-0.030651983,,,-0.022008253
28-02-1974,0.005733333,,,,,,,0.002461357,,-0.055908929,,-0.023635041,,,-0.00391466
31-01-1974,0.006183333,,,,,,,0.000591075,,0.051375,,0.064088301,,,0.010282776
31-12-1973,0.006058333,,,,,,,-0.01322057,,0.011154296,,0.006881991,,,-0.016626155
30-11-1973,0.006308333,,,,,,,0.010709373,,0.044869255,,0.044784609,,,0.011407218
31-10-1973,0.006166667,,,,,,,-0.010980468,,0.00391117,,0.003239857,,,-0.004990215
28-09-1973,0.006925,,,,,,,0.031575782,,0.014697474,,0.000960335,,,0.037142277
31-08-1973,0.00735,,,,,,,0.036898451,,0.053129317,,0.002518202,,,0.028171953
31-07-1973,0.006991667,,,,,,,-0.034714558,,-0.075298048,,0.000210588,,,-0.034843907
29-06-1973,0.006091667,,,,,,,-0.010817785,,-0.037695411,,-0.000575854,,,-0.000503271
31-05-1973,0.005741667,,,,,,,-0.00385566,,-0.020922051,,-0.003167334,,,-0.008878691
30-04-1973,0.005708333,,,,,,,0.009682571,,0.007304715,,0.013707449,,,0.006728934
30-03-1973,0.005708333,,,,,,,9.98303E-05,,-0.05850161,,-0.059331817,,,0.005452893
28-02-1973,0.005158333,,,,,,,0.003707415,,-0.083742257,,-0.077430463,,,-0.000100969
31-01-1973,0.004908333,,,,,,,,,-0.010795756,,0.001818149,,,
29-12-1972,0.0046,,,,,,,,,-0.006744652,,0.000837241,,,
30-11-1972,0.004391667,,,,,,,,,-0.000552966,,-7.47481E-05,,,
31-10-1972,0.0046,,,,,,,,,0.002719544,,-0.000358662,,,
29-09-1972,0.0046,,,,,,,,,0.001745662,,-0.000139128,,,
31-08-1972,0.00415,,,,,,,,,0.004196547,,0.000433179,,,
31-07-1972,0.004133333,,,,,,,,,-0.009158377,,-0.0045765,,,
30-06-1972,0.004108333,,,,,,,,,-0.015723352,,-0.006455757,,,
31-05-1972,0.003866667,,,,,,,,,0.002492924,,0.002697979,,,
28-04-1972,0.004133333,,,,,,,,,-0.001503876,,0.003384716,,,
31-03-1972,0.003891667,,,,,,,,,-0.001139572,,-0.008684839,,,
29-02-1972,0.003558333,,,,,,,,,-0.00799034,,-0.024088642,,,
31-01-1972,0.003566667,,,,,,,,,-0.003048078,,-0.022971969,,,
31-12-1971,0.003833333,,,,,,,,,-0.019907617,,-0.026400752,,,
30-11-1971,0.003891667,,,,,,,,,0.002113208,,-0.007123,,,
29-10-1971,0.004091667,,,,,,,,,-0.001557319,,-0.020443996,,,
30-09-1971,0.004508333,,,,,,,,,-0.01225624,,-0.049915678,,,
31-08-1971,0.004833333,,,,,,,,,-0.015630342,,-0.004544713,,,
30-07-1971,0.005033333,,,,,,,,,0.000195417,,-2.09842E-05,,,
30-06-1971,0.0047,,,,,,,,,-0.007371127,,-3.35746E-06,,,
31-05-1971,0.0042,,,,,,,,,-0.040593668,,-0.000252305,,,
30-04-1971,0.003583333,,,,,,,,,-0.000372067,,-4.33544E-05,,,
31-03-1971,0.003075,,,,,,,,,0.000511854,,-7.35572E-05,,,
26-02-1971,0.003241667,,,,,,,,,-0.001672357,,-0.001326742,,,
29-01-1971,0.003808333,,,,,,,,,,,,,,
31-12-1970,0.004166667,,,,,,,,,,,,,,
30-11-1970,0.004591667,,,,,,,,,,,,,,
30-10-1970,0.005358333,,,,,,,,,,,,,,
30-09-1970,0.005608333,,,,,,,,,,,,,,
31-08-1970,0.005816667,,,,,,,,,,,,,,
31-07-1970,0.005916667,,,,,,,,,,,,,,
30-06-1970,0.006291667,,,,,,,,,,,,,,
29-05-1970,0.006458333,,,,,,,,,,,,,,
30-04-1970,0.005883333,,,,,,,,,,,,,,
31-03-1970,0.005808333,,,,,,,,,,,,,,
27-02-1970,0.006325,,,,,,,,,,,,,,
30-01-1970,0.00675,,,,,,,,,,,,,,
31-12-1969,0.006808333,,,,,,,,,,,,,,
