Date,Treasury_2Y_Yield,Economic_Policy_Uncertainty,Geopolitical_Risk_Index,CPI_All_Urban_Index,Treasury_10Y_Yield,Unemployment_Rate,VIX_Volatility_Index,IG_Spread_Combined_bps,HY_Spread_Combined_bps,Yield_Curve_10Y_2Y_bps,Inflation_YoY_Pct,Govt_Sp_Per_GDP
01-1941,,137,294.0905052,,,,10.7766506,,,,,
02-1941,,130,290.9969982,,,,17.34064494,,,,,
03-1941,,119,294.4432707,,,,18.41168861,,,,,
04-1941,,95,335.8795268,,,,14.14003995,,,,,
05-1941,,97,322.3356509,,,,14.55326857,,,,,
06-1941,,119,356.8599941,,,,13.31589487,,,,,
07-1941,,109,369.26,,,,12.79229849,,,,,
08-1941,,105,323.0582684,,,,10.07037706,,,,,
09-1941,,83,314.2696963,,,,8.63807772,,,,,
10-1941,,88,293.2493525,,,,13.27364665,,,,,
11-1941,,100,288.1187029,,,,14.05187052,,,,,
12-1941,,154,658.75,,,,24.32002886,,,,,
01-1942,,160,493.1969385,,,,27.5554435,,,,,
02-1942,,121,477.838767,,,,15.57785692,,,,,
03-1942,,114,403.6868299,,,,18.80688187,,,,,
04-1942,,160,414.0618689,,,,17.74069772,,,,,
05-1942,,165,399.4754795,,,,18.73485601,,,,,
06-1942,,117,428.2477249,,,,15.04103512,,,,,
07-1942,,139,422.7850045,,,,15.75906551,,,,,
08-1942,,133,491.7776825,,,,11.69298436,,,,,
09-1942,,158,425.2758258,,,,8.610137101,,,,,
10-1942,,125,431.06,,,,11.36140924,,,,,
11-1942,,100,446.8079752,,,,12.95365769,,,,,
12-1942,,149,482.7194267,,,,11.06495809,,,,,
01-1943,,109,462.7415963,,,,11.19508871,,,,,
02-1943,,91,477.3037293,,,,10.85438504,,,,,
03-1943,,148,487.6712726,,,,13.09251789,,,,,
04-1943,,102,448.872191,,,,19.17886947,,,,,
05-1943,,133,495.5325375,,,,16.8461902,,,,,
06-1943,,115,513.1047931,,,,12.42473555,,,,,
07-1943,,114,590.4531756,,,,12.58158282,,,,,
08-1943,,94,536.3653862,,,,21.8417436,,,,,
09-1943,,117,587.95,,,,12.13296034,,,,,
10-1943,,89,469.5661674,,,,11.13299083,,,,,
11-1943,,100,453.9212023,,,,16.44497147,,,,,
12-1943,,92,493.7518563,,,,15.36761755,,,,,
01-1944,,84,530.0447991,,,,11.76708591,,,,,
02-1944,,98,511.3959965,,,,9.374016527,,,,,
03-1944,,75,481.4202887,,,,8.349068086,,,,,
04-1944,,146,513.7817378,,,,10.64234851,,,,,
05-1944,,90,570.788956,,,,10.03258167,,,,,
06-1944,,70,697.9673599,,,,8.038736914,,,,,
07-1944,,85,581.5272825,,,,10.40956276,,,,,
08-1944,,77,613.4026256,,,,11.9172478,,,,,
09-1944,,113,571.1503812,,,,13.09837186,,,,,
10-1944,,108,517.4514392,,,,10.48805976,,,,,
11-1944,,88,496.3606075,,,,9.8423003,,,,,
12-1944,,113,524.0596581,,,,8.398395306,,,,,
01-1945,,71,474.88,,,,12.38668981,,,,,
02-1945,,74,455.2878019,,,,11.24755427,,,,,
03-1945,,100,465.9051722,,,,13.96169742,,,,,
04-1945,,92,399.5137497,,,,16.65160328,,,,,
05-1945,,85,329.8552542,,,,11.87521363,,,,,
06-1945,,97,341.3782825,,,,9.77353216,,,,,
07-1945,,110,363.59,,,,14.86826176,,,,,
08-1945,,154,403.7163007,,,,19.42505112,,,,,
09-1945,,130,217.5923075,,,,17.80626849,,,,,
10-1945,,134,244.9895496,,,,12.73436139,,,,,
11-1945,,98,244.8113511,,,,14.28616479,,,,,
12-1945,,103,178.0281481,,,,16.94557587,,,,,
01-1946,,96,183.83963,,,,19.03645708,,,,,
02-1946,,81,162.9613328,,,,22.64440922,,,,,
03-1946,,112,176.5185241,,,,31.67879454,,,,,
04-1946,,98,152.9843596,,,,14.77346575,,,,,
05-1946,,83,166.45386,,,,13.31844505,,,,,
06-1946,,87,164.536754,,,,14.52985824,,,,,
07-1946,,126,172.2691131,,,,18.33784413,,,,,
08-1946,,86,163.059406,,,,19.72683451,,,,,
09-1946,,89,177.6438632,,,,45.74221856,,,,,
10-1946,,86,151.5517533,,,,43.69685731,,,,,
11-1946,,85,135.1090618,,,,31.94503976,,,,,
12-1946,,89,143.16,,,,25.42561873,,,,,
01-1947,,85,132.3499651,21.48,,,18.34282319,,,,,
02-1947,,113,125.1953718,21.62,,,16.46841526,,,,,
03-1947,,97,157.0885697,22.0,,,18.75072464,,,,,
04-1947,,114,132.7841478,22.0,,,19.46798265,,,,,
05-1947,,121,113.576249,21.95,,,19.64539928,,,,,
06-1947,,104,109.5179678,22.08,,,20.74291941,,,,,
07-1947,,83,145.5488389,22.23,,,17.31779912,,,,,
08-1947,,83,148.3073537,22.4,,,17.26225289,,,,,
09-1947,,84,127.6209429,22.84,,,15.81700837,,,,,
10-1947,,64,115.3998445,22.91,,,13.84835808,,,,,
11-1947,,102,105.8110088,23.06,,,11.56272492,,,,,
12-1947,,88,116.4570817,23.41,,,11.51396694,,,,,
01-1948,,89,113.6357261,23.68,,3.4,13.05929964,,,,10.24208566,
02-1948,,63,130.4879714,23.67,,3.8,16.94400006,,,,9.481961147,
03-1948,,53,188.2825801,23.5,,4.0,16.46424147,,,,6.818181818,
04-1948,,64,167.6296208,23.82,,3.9,14.32645374,,,,8.272727273,
05-1948,,51,172.7905328,24.01,,3.5,11.53410151,,,,9.384965831,
06-1948,,55,136.7217755,24.15,,3.6,13.29525099,,,,9.375,
07-1948,,65,188.3225031,24.4,,3.6,16.04859597,,,,9.761583446,
08-1948,,51,139.1572983,24.43,,3.9,20.72871924,,,,9.0625,
09-1948,,76,161.4053028,24.36,,3.8,16.74297351,,,,6.654991243,
10-1948,,69,173.3811833,24.31,,3.7,17.99231376,,,,6.110868616,
11-1948,,68,127.6052531,24.16,,3.8,28.71842642,,,,4.770164788,
12-1948,,58,106.3414489,24.05,,4.0,19.85368379,,,,2.733874413,
01-1949,,103,113.7799726,24.01,,4.3,14.66546004,,,,1.393581081,
02-1949,,73,113.6269384,23.91,,4.7,13.52567262,,,,1.013941698,
03-1949,,58,92.40890017,23.91,,5.0,12.82877071,,,,1.744680851,
04-1949,,54,116.3232757,23.92,,5.3,12.20560014,,,,0.419815281,
05-1949,,44,117.991579,23.91,,6.1,9.58843321,,,,-0.416493128,
06-1949,,56,100.8850604,23.92,,6.2,15.1588777,,,,-0.952380952,
07-1949,,66,97.75824159,23.7,,6.7,15.45267171,,,,-2.868852459,
08-1949,,53,110.6998858,23.7,,6.8,10.41236488,,,,-2.988129349,
09-1949,,54,120.6316517,23.75,,6.6,14.31659493,,,,-2.50410509,
10-1949,,49,103.7958063,23.67,,7.9,15.22956647,,,,-2.632661456,
11-1949,,38,77.12234558,23.7,,6.4,10.73054865,,,,-1.90397351,
12-1949,,49,80.1,23.61,,6.6,10.03749433,,,,-1.82952183,
01-1950,,74,91.62542047,23.51,,6.5,11.35065168,,,,-2.082465639,
02-1950,,50,131.3490506,23.61,,6.4,10.51678856,,,,-1.254705144,
03-1950,,40,89.99358332,23.64,,6.3,8.616108229,,,,-1.12923463,
04-1950,,42,94.9075897,23.65,,5.8,10.96251157,,,,-1.128762542,
05-1950,,42,105.3707153,23.77,,5.5,10.11592239,,,,-0.585529067,
06-1950,,61,132.6157148,23.88,,5.4,13.47443013,,,,-0.16722408,
07-1950,,78,345.7809606,24.07,,5.0,33.30800577,,,,1.561181435,
08-1950,,66,326.23,24.2,,4.5,24.58226941,,,,2.109704641,
09-1950,,57,266.1197922,24.34,,4.4,12.59701557,,,,2.484210526,
10-1950,,56,189.6798611,24.5,,4.2,14.85741975,,,,3.506548373,
11-1950,,72,214.2277898,24.6,,4.2,18.45557569,,,,3.797468354,
12-1950,,67,337.76,24.98,,4.3,23.72584048,,,,5.802626006,
01-1951,,97,305.1647201,25.38,,3.7,18.60379122,,,,7.954062101,
02-1951,,52,252.6340432,25.83,,3.4,13.12544309,,,,9.402795426,
03-1951,,55,202.7107674,25.88,,3.4,12.43252395,,,,9.475465313,
04-1951,,61,209.5830366,25.92,,3.1,14.70515594,,,,9.598308668,
05-1951,,66,259.1383226,25.99,,3.0,12.40843423,,,,9.339503576,
06-1951,,60,198.7489182,25.93,,3.2,14.33089755,,,,8.584589615,
07-1951,,89,200.8809682,25.91,,3.1,15.2968811,,,,7.644370586,
08-1951,,56,194.0365636,25.86,,3.1,12.12126833,,,,6.859504132,
09-1951,,52,155.7655362,26.03,,3.3,9.073269254,,,,6.943303205,
10-1951,,45,207.915001,26.16,,3.5,10.99748792,,,,6.775510204,
11-1951,,41,196.1895411,26.32,,3.5,16.63773137,,,,6.991869919,
12-1951,,36,156.8744289,26.47,,3.1,10.8823147,,,,5.964771817,
01-1952,,71,184.555939,26.45,,3.2,7.502192885,,,,4.215918046,
02-1952,,42,143.8260635,26.41,,3.1,10.6144316,,,,2.245451026,
03-1952,,43,129.4182567,26.39,,2.9,11.70781135,,,,1.970633694,
04-1952,,42,129.1891943,26.46,,2.9,10.11303566,,,,2.083333333,
05-1952,,63,146.3228558,26.47,,3.0,11.54087733,,,,1.846864179,
06-1952,,65,151.4273519,26.53,,3.0,7.142818716,,,,2.313922098,
07-1952,,58,120.4658026,26.68,,3.2,6.338564973,,,,2.97182555,
08-1952,,42,111.3117898,26.69,,3.4,6.954502001,,,,3.209590101,
09-1952,,41,125.7473099,26.63,,3.1,8.331572595,,,,2.305032655,
10-1952,,64,144.8799603,26.69,,3.0,9.888112686,,,,2.025993884,
11-1952,,50,128.6427384,26.69,,2.8,12.88015684,,,,1.405775076,
12-1952,,48,120.2918059,26.71,,2.7,8.895950851,,,,0.906686815,
01-1953,,43,115.1791391,26.64,,2.9,7.477221684,,,,0.718336484,
02-1953,,43,178.5953104,26.59,,2.6,8.585059271,,,,0.681560015,
03-1953,,73,142.324494,26.63,,2.6,8.782042179,,,,0.909435392,
04-1953,,58,130.1110892,26.69,,2.7,14.08068129,,,,0.869236584,
05-1953,,44,142.8611729,26.7,,2.5,13.13877961,,,,0.868908198,
06-1953,,74,156.008822,26.77,,2.5,13.63319208,,,,0.904636261,
07-1953,,54,146.6861782,26.79,,2.6,12.04261133,,,,0.412293853,
08-1953,,45,136.4132512,26.85,,2.7,9.461960272,,,,0.599475459,
09-1953,,34,108.676559,26.89,,2.9,14.39642267,,,,0.976342471,
10-1953,,48,128.7232012,26.95,,3.1,14.76045116,,,,0.974147621,
11-1953,,56,66.72413261,26.85,,3.5,9.436891536,,,,0.599475459,
12-1953,,53,126.1060696,26.87,,4.5,8.515810467,,,,0.599026582,
01-1954,,70,103.3282768,26.94,,4.9,10.11235486,,,,1.126126126,
02-1954,,66,96.32918523,26.99,,5.2,9.24705571,,,,1.504324934,
03-1954,,55,128.990336,26.93,,5.7,8.335237596,,,,1.126549005,
04-1954,,34,170.5817562,26.86,,5.9,9.561836278,,,,0.636942675,
05-1954,,37,103.1315368,26.93,,5.9,9.393609696,,,,0.861423221,
06-1954,,58,157.9352627,26.94,,5.6,11.04503272,,,,0.635039223,
07-1954,,36,143.6619836,26.86,,5.8,11.3045451,,,,0.261291527,
08-1954,,36,100.6456855,26.85,,6.0,10.42918293,,,,0.0,
09-1954,,44,97.18960105,26.81,,6.1,12.98469849,,,,-0.297508367,
10-1954,,43,70.12,26.72,,5.7,10.52550376,,,,-0.853432282,
11-1954,,43,107.1875949,26.78,,5.3,13.15304183,,,,-0.260707635,
12-1954,,33,100.2533811,26.77,,5.0,12.31927956,,,,-0.372162263,
01-1955,,55,122.80842,26.77,,4.9,17.71568762,,,,-0.631031923,
02-1955,,54,144.5545356,26.82,,4.7,16.87800594,,,,-0.629862912,
03-1955,,43,153.7500893,26.79,,4.6,16.95693487,,,,-0.51986632,
04-1955,,40,128.3895359,26.79,,4.7,18.28330983,,,,-0.260610573,
05-1955,,35,99.41,26.77,,4.3,11.4099919,,,,-0.594132937,
06-1955,,24,104.3461265,26.71,,4.2,11.26873964,,,,-0.853749072,
07-1955,,27,98.97,26.76,,4.0,11.28925811,,,,-0.372300819,
08-1955,,33,105.2813368,26.72,,4.2,13.51096486,,,,-0.484171322,
09-1955,,30,97.88660037,26.85,,4.1,14.92385424,,,,0.14919806,
10-1955,,31,93.97123875,26.82,,4.3,33.56022764,,,,0.374251497,
11-1955,,37,99.27536129,26.88,,4.2,20.877864,,,,0.373412995,
12-1955,,28,95.21882597,26.87,,4.2,11.62321199,,,,0.373552484,
01-1956,,52,131.1306382,26.83,,4.0,11.93205184,,,,0.22413149,
02-1956,,51,151.4568343,26.86,,3.9,15.56423047,,,,0.149142431,
03-1956,,46,122.5320436,26.89,,4.2,13.09258242,,,,0.37327361,
04-1956,,38,110.0043414,26.93,,4.0,11.76541614,,,,0.522583053,
05-1956,,30,97.95999812,27.03,,4.3,13.66923922,,,,0.971236459,
06-1956,,30,103.6061663,27.15,,4.3,19.13351386,,,,1.6473231,
07-1956,,41,109.89414,27.29,,4.4,12.71990081,,,,1.980568012,
08-1956,,29,116.2013186,27.31,,4.1,10.91169431,,,,2.208083832,
09-1956,,22,110.1840064,27.35,,3.9,13.51790567,,,,1.862197393,
10-1956,,34,147.4680982,27.51,,3.9,16.65493412,,,,2.572706935,
11-1956,,48,231.8835229,27.51,,4.3,16.830846,,,,2.34375,
12-1956,,41,133.7520763,27.63,,4.2,16.90190185,,,,2.828433197,
01-1957,,57,147.084407,27.67,,4.2,12.66310763,,,,3.130823705,
02-1957,,43,167.2829544,27.8,,3.9,13.98154698,,,,3.499627699,
03-1957,,30,96.47007959,27.86,,3.7,13.76466484,,,,3.607288955,
04-1957,,31,125.1069942,27.93,,3.9,7.611319663,,,,3.713330858,
05-1957,,32,132.2174976,28.0,,4.1,7.457409613,,,,3.588605253,
06-1957,,40,128.3051739,28.11,,4.3,10.1607408,,,,3.535911602,
07-1957,,41,121.0164836,28.19,,4.2,11.95413,,,,3.297911323,
08-1957,,37,101.5560574,28.28,,4.1,13.40665149,,,,3.551812523,
09-1957,,26,98.79429523,28.32,,4.4,20.32739131,,,,3.546617916,
10-1957,,24,144.7631594,28.32,,4.5,24.49130656,,,,2.94438386,
11-1957,,39,131.1522176,28.41,,5.1,31.19103503,,,,3.271537623,
12-1957,,44,136.9939269,28.47,,5.2,27.0288385,,,,3.040173724,
01-1958,,50,131.7963393,28.64,,5.8,18.92694275,,,,3.505601735,
02-1958,,41,149.63417,28.7,,6.4,12.88135944,,,,3.237410072,
03-1958,,40,141.908748,28.87,,6.7,12.14902924,,,,3.625269203,
04-1958,,40,183.612779,28.94,,7.4,11.10557055,,,,3.616183315,
05-1958,,54,148.8236754,28.94,,7.4,11.43775019,,,,3.357142857,
06-1958,,42,124.5463848,28.91,,7.3,9.5225325,,,,2.845962291,
07-1958,,45,213.5918855,28.89,,7.5,10.56311665,,,,2.483150053,
08-1958,,30,163.8615901,28.94,,7.4,11.76971096,,,,2.333804809,
09-1958,,24,180.2549191,28.91,,7.1,10.2397926,,,,2.083333333,
10-1958,,30,133.7854929,28.91,,6.7,10.35941478,,,,2.083333333,
11-1958,,34,126.6264534,28.95,,6.2,13.38898117,,,,1.900739176,
12-1958,,37,123.3055833,28.97,,6.2,17.25054191,,,,1.756234633,
01-1959,,32,90.329786,29.01,,6.0,13.96864465,,,,1.291899441,
02-1959,,35,93.01278467,29.0,,5.9,13.23086553,,,,1.045296167,
03-1959,,32,127.2696207,28.97,,5.6,12.92445474,,,,0.346380326,
04-1959,,30,107.9880564,28.98,,5.2,10.49979391,,,,0.138217001,
05-1959,,27,110.6011259,29.04,,5.1,10.20486406,,,,0.345542502,
06-1959,,27,120.6533009,29.11,,5.0,12.42141871,,,,0.691802145,
07-1959,,32,103.9247936,29.15,,5.1,12.21610891,,,,0.899965386,
08-1959,,30,114.9316166,29.18,,5.2,12.68376689,,,,0.829302004,
09-1959,,34,101.7250491,29.25,,5.5,16.90729752,,,,1.176063646,
10-1959,,26,82.20877732,29.35,,5.7,16.92755973,,,,1.521964718,
11-1959,,27,83.41987518,29.35,,5.8,12.18997814,,,,1.381692573,26.5794769
12-1959,,34,79.4832601,29.41,,5.3,10.2168716,,,,1.518812565,26.5794769
01-1960,,46,74.68,29.37,,5.2,10.45056332,,,,1.240951396,26.5794769
02-1960,,43,113.61,29.41,,4.8,15.41595821,,,,1.413793103,27.2449545
03-1960,,26,94.85024261,29.41,,5.4,16.43281059,,,,1.518812565,27.2449545
04-1960,,34,112.9709445,29.54,,5.2,12.33135961,,,,1.93236715,27.2449545
05-1960,,35,129.8507751,29.57,,5.1,12.53056541,,,,1.825068871,27.576594
06-1960,,33,106.6131813,29.61,,5.4,9.657313742,,,,1.71762281,27.576594
07-1960,,39,93.12,29.55,,5.5,10.14101187,,,,1.372212693,27.576594
08-1960,,37,125.0446887,29.61,,5.6,14.75743656,,,,1.473612063,28.4673925
09-1960,,33,110.7376904,29.61,,5.5,14.76367394,,,,1.230769231,28.4673925
10-1960,,32,117.8013803,29.75,,6.1,18.63580005,,,,1.36286201,28.4673925
11-1960,,49,110.5252606,29.78,,6.1,16.65891755,,,,1.465076661,28.852992
12-1960,,34,104.639636,29.81,,6.6,11.79128435,,,,1.360081605,28.852992
01-1961,,46,112.0758667,29.84,,6.6,10.2502924,,,,1.600272387,28.852992
02-1961,,31,95.3900292,29.84,,6.9,10.89757256,,,,1.462087725,28.9332097
03-1961,,29,117.6087723,29.84,,6.9,10.41119495,,,,1.462087725,28.9332097
04-1961,,22,177.492668,29.81,,7.0,10.45926127,,,,0.914014895,28.9332097
05-1961,,35,145.1096629,29.84,,7.1,14.40159182,,,,0.913087589,28.6544505
06-1961,,42,147.093637,29.84,,6.9,10.89383533,,,,0.776764607,28.6544505
07-1961,,34,192.329094,29.92,,7.0,11.74266547,,,,1.252115059,28.6544505
08-1961,,40,231.1032906,29.94,,6.6,11.05399008,,,,1.114488349,28.6497696
09-1961,,34,259.9997278,29.98,,6.7,10.62026914,,,,1.249577845,28.6497696
10-1961,,30,176.0245733,29.98,,6.5,12.22058506,,,,0.773109244,28.6497696
11-1961,,38,175.5852343,29.98,,6.1,8.402498133,,,,0.671591672,28.7690673
12-1961,,34,190.7970759,30.01,,6.0,8.004505201,,,,0.6709158,28.7690673
01-1962,3.06,44,137.6839309,30.04,4.08,5.8,10.74346918,,,102.0,0.670241287,28.7690673
02-1962,3.0575,29,149.5714921,30.11,4.04,5.5,11.49900994,,,98.25,0.904825737,28.8365764
03-1962,3.0225,32,174.8017662,30.17,3.93,5.6,7.807929357,,,90.75,1.105898123,28.8365764
04-1962,3.0075,35,153.9811654,30.21,3.84,5.6,9.820317987,,,83.25,1.3418316,28.8365764
05-1962,2.985,30,147.4197949,30.24,3.87,5.5,20.4169992,,,88.5,1.340482574,28.8323835
06-1962,3.025,54,123.6922892,30.21,3.91,5.5,47.48971732,,,88.5,1.239946381,28.8323835
07-1962,3.1925,52,118.7520942,30.22,4.01,5.4,38.31157151,,,81.75,1.002673797,28.8323835
08-1962,3.11,55,100.327582,30.28,3.98,5.7,17.99305179,,,87.0,1.135604542,29.1053113
09-1962,3.08,50,142.1450036,30.42,3.98,5.6,13.66013807,,,90.0,1.467645097,29.1053113
10-1962,3.0375,44,324.0750589,30.38,3.93,5.4,18.88531647,,,89.25,1.334222815,29.1053113
11-1962,3.1025,39,236.3861131,30.38,3.92,5.7,25.55131089,,,81.75,1.334222815,28.8565353
12-1962,3.1175,41,186.9188904,30.38,3.86,5.5,16.37125791,,,74.25,1.232922359,28.8565353
01-1963,3.14,58,159.4180813,30.44,3.83,5.7,12.36015173,,,69.0,1.331557923,28.8565353
02-1963,3.17,54,204.8956135,30.48,3.92,5.9,9.278157246,,,75.0,1.228827632,28.6412747
03-1963,3.15,41,157.7458672,30.51,3.93,5.7,9.924217268,,,78.0,1.126947299,28.6412747
04-1963,3.1675,35,151.2315896,30.48,3.97,5.7,8.494229544,,,80.25,0.893743793,28.6412747
05-1963,3.18,40,131.3158319,30.51,3.93,5.9,6.914042262,,,75.0,0.892857143,28.6855025
06-1963,3.24,46,114.111182,30.61,3.99,5.6,6.817750668,,,75.0,1.324064879,28.6855025
07-1963,3.39,49,199.6022922,30.69,4.02,5.6,9.406174151,,,63.0,1.555261416,28.6855025
08-1963,3.49,42,218.844888,30.75,4.0,5.4,9.220837226,,,51.0,1.552179657,28.5641758
09-1963,3.555,47,159.5080767,30.72,4.08,5.5,7.243841272,,,52.5,0.986193294,28.5641758
10-1963,3.615,34,149.969523,30.75,4.11,5.5,9.437087286,,,49.5,1.217906517,28.5641758
11-1963,3.67,39,124.2198195,30.78,4.12,5.7,12.82667008,,,45.0,1.316655695,28.3769419
12-1963,3.6725,50,93.5155814,30.88,4.13,5.5,23.70419535,,,45.75,1.645819618,28.3769419
01-1964,3.6825,50,86.82,30.94,4.17,5.6,10.80562676,,,48.75,1.642575558,28.3769419
02-1964,3.685,35,96.84948755,30.91,4.15,5.4,5.280589036,,,46.5,1.410761155,28.4333863
03-1964,3.71,45,92.41,30.94,4.22,5.4,4.407141907,,,51.0,1.409373976,28.4333863
04-1964,3.66,35,84.07394856,30.95,4.23,5.3,5.332053297,,,57.0,1.541994751,28.4333863
05-1964,3.66,29,87.15160274,30.98,4.2,5.1,7.856594373,,,54.0,1.540478532,27.9315522
06-1964,3.6525,40,127.8186722,31.01,4.17,5.2,8.681586361,,,51.75,1.306762496,27.9315522
07-1964,3.6425,36,153.1507209,31.02,4.19,4.9,7.358091011,,,54.75,1.075268817,27.9315522
08-1964,3.6725,52,168.2967536,31.05,4.19,5.0,8.23905296,,,51.75,0.975609756,27.6735612
09-1964,3.6975,44,117.6776889,31.08,4.2,5.1,7.549814696,,,50.25,1.171875,27.6735612
10-1964,3.725,37,127.6702589,31.12,4.19,5.1,5.887463597,,,46.5,1.203252033,27.6735612
11-1964,3.7675,44,104.4481337,31.21,4.15,4.8,6.278644511,,,38.25,1.397011046,27.3336213
12-1964,3.925,50,123.448049,31.25,4.18,5.0,8.311845827,,,25.5,1.198186528,27.3336213
01-1965,3.905,36,77.37934247,31.28,4.19,4.9,7.638107524,,,28.5,1.098901099,27.3336213
02-1965,4.0,38,109.1827544,31.28,4.21,5.1,6.93088731,,,21.0,1.197023617,27.4021455
03-1965,4.0,26,90.08,31.31,4.21,4.7,7.804313321,,,21.0,1.195862961,27.4021455
04-1965,3.9975,43,103.0002682,31.38,4.2,4.8,5.926436842,,,20.25,1.389337641,27.4021455
05-1965,3.97,41,139.349464,31.48,4.21,4.6,5.849441793,,,24.0,1.61394448,27.8891746
06-1965,3.9025,46,123.359683,31.61,4.21,4.6,11.71932739,,,30.75,1.934859723,27.8891746
07-1965,3.93,41,138.0587297,31.58,4.2,4.4,18.62032429,,,27.0,1.805286912,27.8891746
08-1965,3.9425,44,132.4047399,31.55,4.25,4.4,11.1244114,,,30.75,1.610305958,27.7591575
09-1965,4.0125,38,202.7759012,31.62,4.29,4.3,5.548817618,,,27.75,1.737451737,27.7591575
10-1965,4.11,38,137.6024787,31.65,4.35,4.2,6.976897328,,,24.0,1.703084833,27.7591575
11-1965,4.18,34,122.8022628,31.75,4.45,4.1,6.165476632,,,27.0,1.730214675,27.7874265
12-1965,4.44,55,163.1819916,31.85,4.62,4.0,7.292906309,,,18.0,1.92,27.7874265
01-1966,4.595,60,129.8666861,31.88,4.61,4.0,7.022544256,,,1.5,1.918158568,27.7874265
02-1966,4.695,46,144.3011237,32.08,4.83,3.8,7.348239071,,,13.5,2.557544757,28.2589279
03-1966,4.66,47,105.461351,32.18,4.87,3.8,12.20147778,,,21.0,2.778664963,28.2589279
04-1966,4.6525,30,102.9212021,32.28,4.75,3.8,12.38961447,,,9.75,2.868068834,28.2589279
05-1966,4.675,51,110.6585079,32.35,4.78,3.9,15.33304297,,,10.5,2.763659466,28.7497651
06-1966,4.5775,34,105.4399346,32.38,4.81,3.8,17.91467043,,,23.25,2.435937994,28.7497651
07-1966,4.855,46,130.6776579,32.45,5.02,3.8,13.34342441,,,16.5,2.75490817,28.7497651
08-1966,5.025,47,114.157623,32.65,5.22,3.8,16.86026149,,,19.5,3.486529319,29.2526599
09-1966,5.3225,49,101.7963285,32.75,5.18,3.7,24.98115706,,,-14.25,3.57368754,29.2526599
10-1966,5.265,56,109.0847976,32.85,5.01,3.7,24.58386333,,,-25.5,3.791469194,29.2526599
11-1966,5.28,49,104.7158738,32.88,5.16,3.6,19.20781466,,,-12.0,3.559055118,30.2563465
12-1966,4.93,61,112.5713888,32.92,4.84,3.8,13.24577264,,,-9.0,3.359497645,30.2563465
01-1967,4.685,67,96.36391706,32.9,4.58,3.9,12.31360762,,,-10.5,3.199498118,30.2563465
02-1967,4.5775,50,118.721506,33.0,4.63,3.8,10.57099491,,,5.25,2.867830424,30.2623256
03-1967,4.33,49,138.4698083,33.0,4.54,3.8,10.35215943,,,21.0,2.548166563,30.2623256
04-1967,4.0275,43,107.6663447,33.1,4.59,3.8,12.17070517,,,56.25,2.540272615,30.2623256
05-1967,3.9125,50,165.2302964,33.1,4.85,3.8,12.02158202,,,93.75,2.318392581,30.535012
06-1967,3.91,77,256.2086279,33.3,5.02,3.9,17.26079533,,,111.0,2.841260037,30.535012
07-1967,4.4475,42,192.5499157,33.4,5.16,3.8,11.56215612,,,71.25,2.927580894,30.535012
08-1967,4.5225,47,164.5533168,33.5,5.28,3.8,7.082482828,,,75.75,2.603369066,30.4485052
09-1967,4.64,40,126.2496527,33.6,5.3,3.8,8.35445546,,,66.0,2.595419847,30.4485052
10-1967,4.79,63,135.8855579,33.7,5.48,4.0,9.313714293,,,69.0,2.587519026,30.4485052
11-1967,4.985,65,128.2937789,33.9,5.75,3.9,12.08956445,,,76.5,3.102189781,30.4722852
12-1967,5.1525,67,143.69,34.0,5.7,3.8,13.75654198,,,54.75,3.280680437,30.4722852
01-1968,5.1325,106,159.1281799,34.1,5.53,3.7,9.623981788,,,39.75,3.647416413,30.4722852
02-1968,5.125,61,190.9007592,34.2,5.56,3.8,12.51972297,,,43.5,3.636363636,30.6854863
03-1968,5.3125,91,144.9994266,34.3,5.74,3.7,18.00479637,,,42.75,3.939393939,30.6854863
04-1968,5.445,76,138.2564357,34.4,5.64,3.5,20.08084796,,,19.5,3.927492447,30.6854863
05-1968,5.7125,60,109.4212913,34.5,5.87,3.5,13.56210915,,,15.75,4.229607251,30.7327847
06-1968,5.57,54,94.63,34.7,5.72,3.7,11.01555701,,,15.0,4.204204204,30.7327847
07-1968,5.3575,56,138.1978781,34.9,5.5,3.7,13.27653792,,,14.25,4.491017964,30.7327847
08-1968,5.1725,52,168.3153882,35.0,5.42,3.5,13.83389762,,,24.75,4.47761194,30.885613
09-1968,5.2575,43,152.1140271,35.1,5.46,3.4,10.38208964,,,20.25,4.464285714,30.885613
10-1968,5.4075,53,113.411203,35.3,5.58,3.4,7.015829674,,,17.25,4.747774481,30.885613
11-1968,5.5125,68,111.9844047,35.4,5.7,3.4,7.987433629,,,18.75,4.424778761,30.2582105
12-1968,5.9775,56,98.64140071,35.6,6.03,3.4,8.692272204,,,5.25,4.705882353,30.2582105
01-1969,6.115,66,126.3634972,35.7,6.04,3.4,12.13161766,,,-7.5,4.692082111,30.2582105
02-1969,6.1375,60,127.521892,35.8,6.19,3.4,11.90543791,,,5.25,4.678362573,30.4355711
03-1969,6.09,57,169.5530354,36.1,6.3,3.4,13.40132294,,,21.0,5.247813411,30.4355711
04-1969,6.125,53,138.1707468,36.3,6.17,3.4,12.08219785,,,4.5,5.523255814,30.4355711
05-1969,6.11,52,104.6656383,36.4,6.32,3.4,10.81763811,,,21.0,5.507246377,30.4786806
06-1969,6.4725,50,106.4109824,36.6,6.57,3.5,11.66516992,,,9.75,5.475504323,30.4786806
07-1969,6.93,63,115.4731491,36.8,6.72,3.5,16.5323658,,,-21.0,5.444126074,30.4786806
08-1969,6.9075,52,121.2503648,36.9,6.69,3.5,23.01438048,,,-21.75,5.428571429,30.6549073
09-1969,7.1075,47,109.6220003,37.1,7.16,3.7,17.02527675,,,5.25,5.698005698,30.6549073
10-1969,7.025,56,105.9271462,37.3,7.1,3.7,14.11257489,,,7.5,5.66572238,30.6549073
11-1969,7.215,55,131.6926327,37.5,7.14,3.5,12.52031239,,,-7.5,5.93220339,31.0005708
12-1969,7.7775,74,109.320029,37.7,7.65,3.5,13.81831707,,,-12.75,5.898876404,31.0005708
01-1970,7.85,56,118.4621114,37.9,7.79,3.9,17.09106349,,,-6.0,6.162464986,31.0005708
02-1970,7.1575,43,117.9399817,38.1,7.24,4.2,16.88924428,,,8.25,6.424581006,31.76475
03-1970,6.74,41,111.7703919,38.3,7.07,4.4,16.23788369,,,33.0,6.094182825,31.76475
04-1970,6.73,42,110.9681263,38.5,7.39,4.6,16.15724003,,,66.0,6.060606061,31.76475
05-1970,7.1075,75,164.7976035,38.6,7.91,4.8,25.59531772,,,80.25,6.043956044,31.8962414
06-1970,6.97,70,119.3481804,38.8,7.84,4.9,42.28883983,,,87.0,6.010928962,31.8962414
07-1970,6.7025,49,141.8844217,38.9,7.46,5.0,28.64274312,,,75.75,5.706521739,31.8962414
08-1970,6.69,44,139.2238637,39.0,7.53,5.1,20.31511348,,,84.0,5.691056911,32.5415577
09-1970,6.4375,59,246.4931211,39.2,7.39,5.4,19.40928464,,,95.25,5.660377358,32.5415577
10-1970,6.265,48,149.8057108,39.4,7.33,5.5,17.32312669,,,106.5,5.63002681,32.5415577
11-1970,5.67,58,85.91652782,39.6,6.84,5.9,14.09132052,,,117.0,5.6,31.5873765
12-1970,5.25,70,88.14937455,39.8,6.39,6.1,13.6123,,,114.0,5.570291777,31.5873765
01-1971,4.89,69,102.7653628,39.9,6.24,5.9,11.16038513,,,135.0,5.277044855,31.5873765
02-1971,4.3025,59,127.8917324,39.9,6.11,5.9,10.13444328,,,180.75,4.724409449,32.2766895
03-1971,3.96,56,110.4889574,40.0,5.7,6.0,11.9303171,,,174.0,4.438642298,32.2766895
04-1971,4.3525,55,118.0621949,40.1,5.83,5.9,8.635276827,,,147.75,4.155844156,32.2766895
05-1971,4.7025,57,87.61340567,40.3,6.39,5.9,9.5532208,,,168.75,4.404145078,32.023436
06-1971,5.1925,71,88.36528453,40.5,6.52,5.9,12.31314883,,,132.75,4.381443299,32.023436
07-1971,5.7325,71,120.6840637,40.6,6.73,6.0,13.74577684,,,99.75,4.370179949,32.023436
08-1971,5.35,97,97.94731123,40.7,6.58,6.1,18.65776976,,,123.0,4.358974359,32.2025511
09-1971,5.0525,78,95.55504029,40.8,6.14,6.0,20.47004797,,,108.75,4.081632653,32.2025511
10-1971,4.8275,73,102.95761,40.9,5.93,5.8,11.24394207,,,110.25,3.807106599,32.2025511
11-1971,4.6175,114,116.3429579,41.0,5.81,6.0,15.55716095,,,119.25,3.535353535,32.4577506
12-1971,4.49,80,144.1570634,41.1,5.93,6.0,19.68162213,,,144.0,3.266331658,32.4577506
01-1972,4.0225,83,110.2009184,41.2,5.95,5.8,13.04459903,,,192.75,3.258145363,32.4577506
02-1972,3.92,53,96.33232786,41.4,6.08,5.7,10.34774079,,,216.0,3.759398496,31.8966273
03-1972,4.315,63,82.03801639,41.4,6.07,5.8,9.745461279,,,175.5,3.5,31.8966273
04-1972,4.33,59,138.5750979,41.5,6.19,5.7,10.86166974,,,186.0,3.49127182,31.8966273
05-1972,4.3,72,171.7380095,41.6,6.13,5.7,12.28575701,,,183.0,3.225806452,31.3744512
06-1972,4.46,57,134.052069,41.7,6.11,5.7,12.06798769,,,165.0,2.962962963,31.3744512
07-1972,4.5125,65,97.45188221,41.8,6.11,5.6,10.42095425,,,159.75,2.955665025,31.3744512
08-1972,4.5675,61,91.43,41.9,6.21,5.6,11.88450312,,,164.25,2.948402948,31.551188
09-1972,5.1325,64,139.0536149,42.1,6.55,5.5,10.28744703,,,141.75,3.18627451,31.551188
10-1972,5.175,56,88.01162282,42.2,6.48,5.6,12.1203517,,,130.5,3.178484108,31.551188
11-1972,5.155,75,85.87660484,42.4,6.28,5.3,13.01174522,,,112.5,3.414634146,30.9931107
12-1972,5.3925,66,79.21852304,42.5,6.36,5.2,9.488264562,,,96.75,3.406326034,30.9931107
01-1973,5.6725,93,73.86167424,42.7,6.46,4.9,11.45836506,,,78.75,3.640776699,30.9931107
02-1973,5.86,83,50.63648798,43.0,6.64,5.0,14.00728315,,,78.0,3.8647343,31.0567252
03-1973,6.245,82,73.88144949,43.4,6.71,4.9,17.16489202,,,46.5,4.830917874,31.0567252
04-1973,6.3625,73,83.89975402,43.7,6.67,5.0,19.06271648,,,30.75,5.301204819,31.0567252
05-1973,6.4825,82,66.01,43.9,6.85,4.9,21.77356157,,,36.75,5.528846154,30.5215094
06-1973,7.1175,98,58.42547832,44.2,6.9,4.9,26.17892138,,,-21.75,5.995203837,30.5215094
07-1973,7.79,80,81.58749199,44.2,7.13,4.8,22.74559811,,,-66.0,5.741626794,30.5215094
08-1973,8.3525,100,82.98374866,45.0,7.4,4.8,18.271615,,,-95.25,7.398568019,30.5507932
09-1973,7.99,63,74.1007698,45.2,7.09,4.8,14.77640363,,,-90.0,7.363420428,30.5507932
10-1973,7.1125,104,221.8676975,45.6,6.79,4.6,15.05015229,,,-32.25,8.056872038,30.5507932
11-1973,7.555,102,142.682986,45.9,6.73,4.8,20.95182077,,,-82.5,8.254716981,31.2258711
12-1973,7.2725,112,106.0155936,46.3,6.74,4.9,33.86056676,,,-53.25,8.941176471,31.2258711
01-1974,7.575,119,98.8287128,46.8,6.99,5.1,33.32890717,,,-58.5,9.601873536,31.2258711
02-1974,7.08,110,85.27505985,47.3,6.96,5.2,24.70143944,,,-12.0,10.0,31.1980738
03-1974,7.7725,100,92.07330273,47.8,7.21,5.1,19.23116808,,,-56.25,10.13824885,31.1980738
04-1974,8.125,77,80.87671168,48.1,7.51,5.1,18.57277024,,,-61.5,10.06864989,31.1980738
05-1974,8.0675,106,75.68,48.6,7.58,5.1,21.0253224,,,-48.75,10.70615034,32.5002276
06-1974,7.81,91,82.00520506,49.0,7.54,5.4,22.28512975,,,-27.0,10.85972851,32.5002276
07-1974,7.615,93,105.1279767,49.3,7.81,5.5,27.95987034,,,19.5,11.53846154,32.5002276
08-1974,8.73,112,91.5,49.9,8.04,5.5,30.48401737,,,-69.0,10.88888889,32.5820368
09-1974,8.055,78,58.35128909,50.6,8.04,5.9,35.41005936,,,-1.5,11.94690265,32.5820368
10-1974,7.57,92,64.08293085,51.0,7.9,6.0,43.25881544,,,33.0,11.84210526,32.5820368
11-1974,7.5225,93,80.94962059,51.5,7.68,6.6,38.84801315,,,15.75,12.20043573,34.0362325
12-1974,7.22,120,89.5132971,51.9,7.43,7.2,30.89618396,,,21.0,12.0950324,34.0362325
01-1975,6.57,96,87.65505127,52.3,7.5,8.1,27.5407453,,,93.0,11.75213675,34.0362325
02-1975,5.9725,79,107.3162679,52.6,7.39,8.1,24.69138575,,,141.75,11.205074,34.6194849
03-1975,6.05,87,108.759792,52.8,7.73,8.6,23.02862933,,,168.0,10.46025105,34.6194849
04-1975,6.265,84,102.1087753,53.0,8.23,8.8,23.19236014,,,196.5,10.18711019,34.6194849
05-1975,5.9375,78,82.08301413,53.1,8.06,9.0,20.20702876,,,212.25,9.259259259,34.1264578
06-1975,5.97,80,88.09,53.5,7.86,8.8,18.83879,,,189.0,9.183673469,34.1264578
07-1975,6.6125,82,109.4690127,54.0,8.06,8.6,17.45486227,,,144.75,9.53346856,34.1264578
08-1975,6.93,81,117.2097055,54.2,8.4,8.4,17.00160001,,,147.0,8.617234469,34.058261
09-1975,6.9225,86,82.28471246,54.6,8.43,8.4,23.35645324,,,150.75,7.90513834,34.058261
10-1975,6.505,106,93.79411109,54.9,8.14,8.4,23.74595445,,,163.5,7.647058824,34.058261
11-1975,6.1225,96,84.59731203,55.3,8.05,8.3,17.64025247,,,192.75,7.378640777,33.4845566
12-1975,6.08,101,97.86107527,55.6,8.0,8.2,17.19962279,,,192.0,7.129094412,33.4845566
01-1976,5.5875,87,101.8342961,55.8,7.74,7.9,17.25208203,,,215.25,6.692160612,33.4845566
02-1976,5.6075,65,58.14,55.9,7.79,7.7,17.55361409,,,218.25,6.273764259,32.7623234
03-1976,5.6825,75,82.21443405,56.0,7.73,7.6,17.34500338,,,204.75,6.060606061,32.7623234
04-1976,5.535,64,70.83714206,56.1,7.56,7.7,16.26059696,,,202.5,5.849056604,32.7623234
05-1976,5.875,80,79.07026098,56.4,7.9,7.4,14.92307522,,,202.5,6.214689266,32.842828
06-1976,7.06,62,79.78,56.7,7.86,7.6,14.23784321,,,80.0,5.981308411,32.842828
07-1976,6.85,54,95.90077561,57.0,7.83,7.8,12.86865493,,,98.0,5.555555556,32.842828
08-1976,6.63,79,114.9890452,57.3,7.77,7.8,10.24444303,,,114.0,5.719557196,32.5807681
09-1976,6.42,75,81.91013483,57.6,7.59,7.6,12.68411832,,,117.0,5.494505495,32.5807681
10-1976,5.98,71,78.79,57.9,7.41,7.7,14.54573809,,,143.0,5.464480874,32.5807681
11-1976,5.81,100,65.44635872,58.1,7.29,7.8,16.32292513,,,148.0,5.063291139,32.4546124
12-1976,5.38,79,70.91882121,58.4,6.87,7.8,13.13908466,,,149.0,5.035971223,32.4546124
01-1977,5.9,80,61.24639749,58.7,7.21,7.5,11.80863069,,,131.0,5.197132616,32.4546124
02-1977,6.09,73,75.03759797,59.3,7.39,7.6,10.45262229,,,130.0,6.082289803,31.9768044
03-1977,6.09,62,70.14448422,59.6,7.46,7.4,9.598856097,,,137.0,6.428571429,31.9768044
04-1977,5.96,84,96.52900963,60.0,7.37,7.2,12.42660274,,,141.0,6.951871658,31.9768044
05-1977,6.25,98,89.21914739,60.2,7.46,7.0,13.40801247,,,121.0,6.737588652,31.579397
06-1977,6.13,70,79.42,60.5,7.28,7.2,11.67211161,,,115.0,6.701940035,31.579397
07-1977,6.27,80,94.44451808,60.8,7.33,6.9,9.586517373,,,106.0,6.666666667,31.579397
08-1977,6.61,72,85.99349886,61.1,7.4,7.0,10.94100425,,,79.0,6.631762653,31.8246337
09-1977,6.71,74,73.4,61.3,7.34,6.8,10.03435164,,,63.0,6.423611111,31.8246337
10-1977,7.11,98,95.20022629,61.6,7.52,6.8,10.58312331,,,41.0,6.390328152,31.8246337
11-1977,7.14,98,83.0092854,62.0,7.58,6.8,15.20272739,,,44.0,6.712564544,31.8868147
12-1977,7.18,117,62.31,62.3,7.69,6.4,15.54161199,,,51.0,6.678082192,31.8868147
01-1978,7.49,109,75.76174025,62.7,7.96,6.4,13.65532174,,,47.0,6.814310051,31.8868147
02-1978,7.57,97,99.40143875,63.0,8.03,6.3,12.34917648,,,46.0,6.239460371,30.961605
03-1978,7.58,102,130.532294,63.4,8.04,6.3,11.44670735,,,46.0,6.375838926,30.961605
04-1978,7.74,85,92.25043039,63.9,8.15,6.1,13.14317772,,,41.0,6.5,30.961605
05-1978,8.01,79,146.4887282,64.5,8.35,6.0,15.81756442,,,34.0,7.142857143,31.2878671
06-1978,8.24,83,124.4805876,65.0,8.46,5.9,14.36944795,,,22.0,7.438016529,31.2878671
07-1978,8.49,103,108.2135572,65.5,8.64,6.2,13.56100822,,,15.0,7.730263158,31.2878671
08-1978,8.37,76,77.63166035,65.9,8.41,5.9,13.51177027,,,4.0,7.855973813,30.9698343
09-1978,8.57,84,85.57,66.5,8.42,6.0,13.43837636,,,-15.0,8.482871126,30.9698343
10-1978,8.85,77,76.30961619,67.1,8.64,5.8,16.01880892,,,-21.0,8.928571429,30.9698343
11-1978,9.42,94,91.60712341,67.5,8.81,5.9,28.25872219,,,-61.0,8.870967742,30.7290401
12-1978,9.72,92,93.79720716,67.9,9.01,6.0,23.60516765,,,-71.0,8.988764045,30.7290401
01-1979,9.86,85,105.5377982,68.5,9.1,5.9,18.54929879,,,-76.0,9.250398724,30.7290401
02-1979,9.72,109,121.6804272,69.2,9.1,5.9,14.39087078,,,-62.0,9.841269841,30.8619364
03-1979,9.79,91,114.9205127,69.9,9.12,5.8,14.04999694,,,-67.0,10.25236593,30.8619364
04-1979,9.78,95,119.8920175,70.6,9.18,5.8,13.27157509,,,-60.0,10.48513302,30.8619364
05-1979,9.78,94,94.91701757,71.4,9.25,5.6,13.23200226,,,-53.0,10.69767442,31.1009479
06-1979,9.22,94,127.8651365,72.2,8.91,5.7,13.06350596,,,-31.0,11.07692308,31.1009479
07-1979,9.14,130,99.83325871,73.0,8.95,5.7,11.94529689,,,-19.0,11.45038168,31.1009479
08-1979,9.46,65,82.951077,73.7,9.03,6.0,11.16298627,,,-43.0,11.83611533,31.2691478
09-1979,10.06,95,90.01461563,74.4,9.33,5.9,13.55293548,,,-73.0,11.87969925,31.2691478
10-1979,11.49,120,102.0760222,75.2,10.3,6.0,20.85462844,,,-119.0,12.07153502,31.2691478
11-1979,11.81,116,111.3056326,76.0,10.65,5.9,23.03187553,,,-116.0,12.59259259,32.0051817
12-1979,11.39,105,122.2241362,76.9,10.39,6.0,16.04801212,,,-100.0,13.25478645,32.0051817
01-1980,11.5,104,209.4730214,78.0,10.8,6.3,16.72489433,,,-70.0,13.86861314,32.0051817
02-1980,13.42,77,140.7991453,79.0,12.41,6.3,17.82494394,,,-101.0,14.16184971,32.9882332
03-1980,14.88,83,108.0506063,80.1,12.75,6.3,24.31779936,,,-213.0,14.59227468,32.9882332
04-1980,12.5,95,163.2849999,80.9,11.47,6.9,32.23303196,,,-103.0,14.58923513,32.9882332
05-1980,9.45,82,108.5172861,81.7,10.18,7.5,23.71876667,,,73.0,14.42577031,33.47053
06-1980,8.73,77,107.643811,82.5,9.78,7.6,16.42780789,,,105.0,14.26592798,33.47053
07-1980,9.03,102,82.50441687,82.6,10.25,7.8,17.06963725,,,122.0,13.15068493,33.47053
08-1980,10.53,94,87.65644799,83.2,11.1,7.7,16.84934829,,,57.0,12.89009498,32.5086408
09-1980,11.57,81,142.5917568,83.9,11.51,7.5,20.66240614,,,-6.0,12.7688172,32.5086408
10-1980,12.09,87,171.3015687,84.7,11.75,7.5,24.08207387,,,-34.0,12.63297872,32.5086408
11-1980,13.51,96,125.44684,85.6,12.68,7.5,24.5247905,,,-83.0,12.63157895,32.7313244
12-1980,14.08,86,133.4912035,86.4,12.84,7.2,26.39567996,,,-124.0,12.35370611,32.7313244
01-1981,13.26,109,145.5842226,87.2,12.57,7.5,23.22709115,,,-69.0,11.79487179,32.7313244
02-1981,13.92,80,126.082593,88.0,13.19,7.4,20.03780419,,,-73.0,11.39240506,32.8030199
03-1981,13.57,81,106.830488,88.6,13.12,7.4,18.4534748,,,-45.0,10.61173533,32.8030199
04-1981,14.15,92,138.3505748,89.1,13.68,7.2,17.42837558,,,-47.0,10.13597033,32.8030199
05-1981,15.46,80,136.9101002,89.7,14.1,7.5,15.46430609,,,-136.0,9.791921665,32.6183238
06-1981,14.51,105,156.9026194,90.5,13.47,7.5,14.40760924,,,-104.0,9.696969697,32.6183238
07-1981,15.35,100,108.5617601,91.5,14.28,7.2,14.89699991,,,-107.0,10.7748184,32.6183238
08-1981,16.28,79,118.7837766,92.2,14.94,7.4,15.90279439,,,-134.0,10.81730769,33.5965909
09-1981,16.46,112,113.1061356,93.1,15.32,7.6,21.78830197,,,-114.0,10.96543504,33.5965909
10-1981,15.54,101,112.7254822,93.4,15.15,7.9,24.83205875,,,-39.0,10.27154664,33.5965909
11-1981,12.88,79,142.6443201,93.8,13.39,8.3,20.09028902,,,51.0,9.579439252,34.2847117
12-1981,13.29,87,167.1660138,94.1,13.72,8.5,16.66414381,,,43.0,8.912037037,34.2847117
01-1982,14.57,124,147.4052457,94.4,14.59,8.6,16.99540164,,,2.0,8.256880734,34.2847117
02-1982,14.82,102,139.3645486,94.7,14.43,8.9,22.2057283,,,-39.0,7.613636364,34.5183873
03-1982,14.19,118,165.0542047,94.7,13.86,9.0,19.54063093,,,-33.0,6.884875847,34.5183873
04-1982,14.2,111,239.675231,95.0,13.87,9.3,16.60956859,,,-33.0,6.621773288,34.5183873
05-1982,13.78,119,221.6676636,95.9,13.62,9.4,14.31039583,,,-16.0,6.911928651,35.2297255
06-1982,14.47,126,233.6458837,97.0,14.3,9.6,14.91713396,,,-17.0,7.182320442,35.2297255
07-1982,13.8,109,176.5955533,97.5,13.95,9.8,15.73506673,,,15.0,6.557377049,35.2297255
08-1982,12.32,117,137.4676834,97.7,13.06,9.8,21.99806671,,,74.0,5.965292842,35.9225889
09-1982,11.78,115,117.4350783,97.7,12.34,10.1,29.55737886,,,56.0,4.940923738,35.9225889
10-1982,10.19,109,138.9068078,98.1,10.91,10.4,26.27108871,,,72.0,5.032119914,35.9225889
11-1982,9.8,103,135.9223499,98.0,10.55,10.8,33.19979174,,,75.0,4.47761194,35.8621045
12-1982,9.66,112,131.4800283,97.7,10.54,10.8,28.61500714,,,88.0,3.825717322,35.8621045
01-1983,9.33,120,115.0683208,97.9,10.46,10.4,24.41624589,,,113.0,3.707627119,35.8621045
02-1983,9.64,116,107.9013782,98.0,10.72,10.4,23.22479478,,,108.0,3.48468849,35.0851168
03-1983,9.66,104,105.1728696,98.1,10.51,10.3,19.37785322,,,85.0,3.590285111,35.0851168
04-1983,9.57,103,149.5781498,98.8,10.4,10.2,15.16324823,,,83.0,4.0,35.0851168
05-1983,9.49,97,126.5873452,99.2,10.38,10.1,16.00190618,,,89.0,3.441084463,34.9409991
06-1983,10.18,106,128.0047855,99.4,10.85,10.1,15.69261102,,,67.0,2.474226804,34.9409991
07-1983,10.69,109,112.8651079,99.8,11.38,9.4,18.70970893,,,69.0,2.358974359,34.9409991
08-1983,11.07,84,104.2993712,100.1,11.85,9.5,20.62251436,,,78.0,2.456499488,34.2453407
09-1983,10.79,90,168.4609615,100.4,11.65,9.2,15.98595099,,,86.0,2.763561924,34.2453407
10-1983,10.57,97,167.9133417,100.8,11.54,8.8,14.88495553,,,97.0,2.752293578,34.2453407
11-1983,10.66,99,176.9607031,101.1,11.69,8.5,14.15312154,,,103.0,3.163265306,33.7957459
12-1983,10.84,81,151.3064423,101.4,11.83,8.3,11.45870586,,,99.0,3.787103378,33.7957459
01-1984,10.64,121,128.3200373,102.1,11.67,8.0,12.28465817,,,103.0,4.290091931,33.7957459
02-1984,10.79,123,109.4736102,102.6,11.84,7.8,15.11125017,,,105.0,4.693877551,33.6678388
03-1984,11.31,99,104.4447816,102.9,12.32,7.8,19.27136881,,,101.0,4.892966361,33.6678388
04-1984,11.69,89,113.4052436,103.3,12.63,7.7,16.15166552,,,94.0,4.55465587,33.6678388
05-1984,12.47,86,119.6301204,103.5,13.41,7.4,14.15841744,,,94.0,4.334677419,33.7916386
06-1984,12.91,107,119.5335021,103.7,13.56,7.2,16.06937976,,,65.0,4.325955734,33.7916386
07-1984,12.88,98,75.7,104.1,13.36,7.5,15.07049372,,,48.0,4.308617234,33.7916386
08-1984,12.43,103,84.92,104.4,12.72,7.5,21.59797938,,,29.0,4.295704296,34.3212847
09-1984,12.2,89,118.1207874,104.7,12.52,7.3,17.48828152,,,32.0,4.282868526,34.3212847
10-1984,11.6,91,118.2535459,105.1,12.16,7.4,13.18748857,,,56.0,4.265873016,34.3212847
11-1984,10.65,107,117.4812981,105.3,11.57,7.2,14.45980345,,,92.0,4.154302671,34.3009545
12-1984,10.18,130,121.2550205,105.5,11.5,7.3,14.07757424,,,132.0,4.043392505,34.3009545
01-1985,9.93,104,102.173378,105.7,11.38,7.3,16.003504,,,145.0,3.525954946,34.3009545
02-1985,10.17,78,117.1020203,106.3,11.51,7.2,14.43645933,,,134.0,3.606237817,34.5417935
03-1985,10.71,101,124.7781525,106.8,11.86,7.2,12.75959033,,,115.0,3.790087464,34.5417935
04-1985,10.09,85,87.92900085,107.0,11.43,7.3,10.81383124,,,134.0,3.581800581,34.5417935
05-1985,9.39,98,103.2628479,107.2,10.85,7.2,10.98753189,,,146.0,3.574879227,34.5331979
06-1985,8.69,120,148.7828217,107.5,10.16,7.4,12.15585457,,,147.0,3.664416586,34.5331979
07-1985,8.77,111,133.905426,107.7,10.31,7.4,10.93468605,,,154.0,3.458213256,34.5331979
08-1985,8.94,111,82.78410339,107.9,10.33,7.1,12.43643952,,,139.0,3.352490421,34.6068062
09-1985,8.98,111,102.434494,108.1,10.37,7.1,11.30159003,,,139.0,3.247373448,34.6068062
10-1985,8.86,93,105.9919128,108.5,10.24,7.1,13.88825487,,,138.0,3.235014272,34.6068062
11-1985,8.58,85,94.84818268,109.0,9.78,7.0,11.49165472,,,120.0,3.51377018,34.5572678
12-1985,8.15,104,96.42,109.5,9.26,7.0,13.41214533,,,111.0,3.791469194,34.5572678
01-1986,8.14,144,135.3607483,109.9,9.19,6.7,17.06194901,,,105.0,3.973509934,34.5572678
02-1986,7.97,119,98.75003052,109.7,8.7,7.2,15.62644875,,,73.0,3.198494826,34.8271856
03-1986,7.21,120,98.67667389,109.1,7.78,7.2,13.49662144,,,57.0,2.153558052,34.8271856
04-1986,6.7,102,148.313858,108.7,7.3,7.1,17.62468594,,,60.0,1.588785047,34.8271856
05-1986,7.07,132,117.3892441,109.0,7.71,7.2,18.20732814,,,64.0,1.679104478,35.2745824
06-1986,7.18,115,96.29425049,109.4,7.8,7.2,17.08820919,,,62.0,1.76744186,35.2745824
07-1986,6.67,131,94.70178986,109.5,7.3,7.0,19.89936806,,,63.0,1.671309192,35.2745824
08-1986,6.33,118,103.3459396,109.6,7.17,6.9,18.44679041,,,84.0,1.575532901,34.8980715
09-1986,6.35,126,117.1078873,110.0,7.45,7.0,22.86785041,,,110.0,1.757631822,34.8980715
10-1986,6.28,92,96.79243469,110.2,7.43,7.0,21.58407172,,,115.0,1.566820276,34.8980715
11-1986,6.28,98,109.7728195,110.4,7.25,6.9,14.05301265,,,97.0,1.28440367,34.8577853
12-1986,6.27,88,89.75377655,110.8,7.11,6.6,17.97069764,,,84.0,1.187214612,34.8577853
01-1987,6.23,110,96.94281769,111.4,7.08,6.6,19.31982657,,,85.0,1.364877161,34.8577853
02-1987,6.4,77,100.68,111.8,7.25,6.6,18.67303723,,,85.0,1.914311759,34.7798242
03-1987,6.42,99,89.60771942,112.2,7.25,6.6,15.83933411,,,83.0,2.841429881,34.7798242
04-1987,7.02,80,113.3940811,112.7,8.02,6.3,22.59157384,,,100.0,3.679852806,34.7798242
05-1987,7.76,88,98.65091705,113.0,8.61,6.3,25.74603288,,,85.0,3.669724771,34.5317025
06-1987,7.57,107,94.18240356,113.5,8.4,6.2,19.45630032,,,83.0,3.747714808,34.5317025
07-1987,7.44,81,98.8719635,113.8,8.45,6.1,11.66550846,,,101.0,3.926940639,34.5317025
08-1987,7.75,53,99.96844482,114.3,8.76,6.0,13.87521013,,,101.0,4.288321168,34.3518982
09-1987,8.34,60,121.1670761,114.7,9.42,5.9,19.88776849,,,108.0,4.272727273,34.3518982
10-1987,8.4,170,101.0585861,115.0,9.52,6.0,52.99676214,,,112.0,4.355716878,34.3518982
11-1987,7.69,183,96.15348816,115.4,8.86,5.8,98.30071796,,,117.0,4.528985507,34.1888393
12-1987,7.86,149,109.8563843,115.6,8.99,5.7,43.9428349,,,113.0,4.332129964,34.1888393
01-1988,7.63,143,83.20153046,116.0,8.67,5.7,40.40435151,,,104.0,4.129263914,34.1888393
02-1988,7.18,102,86.20614624,116.2,8.21,5.7,31.6021015,,,103.0,3.935599284,33.7197661
03-1988,7.27,82,110.2065125,116.5,8.37,5.7,17.73930795,,,110.0,3.832442068,33.7197661
04-1988,7.59,98,119.4505157,117.2,8.72,5.4,22.18117768,,,113.0,3.992901508,33.7197661
05-1988,8.0,99,104.8734741,117.5,9.09,5.6,21.4545765,,,109.0,3.982300885,33.3593042
06-1988,8.03,88,79.70812225,118.0,8.92,5.4,20.69734275,,,89.0,3.964757709,33.3593042
07-1988,8.28,81,83.43048096,118.5,9.06,5.4,18.3535422,,,78.0,4.130052724,33.3593042
08-1988,8.63,95,84.05416107,119.0,9.26,5.6,16.97388732,,,63.0,4.111986002,33.5386236
09-1988,8.46,85,74.842659,119.5,8.98,5.4,16.47367444,,,52.0,4.184829991,33.5386236
10-1988,8.35,98,73.45023346,119.9,8.8,5.4,13.5926692,,,45.0,4.260869565,33.5386236
11-1988,8.67,102,68.79841614,120.3,8.96,5.3,15.89970951,,,29.0,4.24610052,33.4707915
12-1988,9.09,78,90.39871979,120.7,9.11,5.3,14.34729522,,,2.0,4.411764706,33.4707915
01-1989,9.18,87,89.24658966,121.2,9.09,5.4,10.92163086,,,-9.0,4.482758621,33.4707915
02-1989,9.37,51,91.62,121.6,9.17,5.2,12.28572542,,,-20.0,4.647160069,33.5392322
03-1989,9.68,73,87.73377228,122.2,9.36,5.0,15.48300079,,,-32.0,4.892703863,33.5392322
04-1989,9.45,92,83.57909393,123.1,9.18,5.2,14.69804106,,,-27.0,5.034129693,33.5392322
05-1989,9.02,84,103.8285065,123.7,8.86,5.2,11.7706573,,,-16.0,5.276595745,33.6166163
06-1989,8.41,96,89.46155548,124.1,8.28,5.3,13.41302573,,,-13.0,5.169491525,33.6166163
07-1989,7.82,78,84.75310516,124.5,8.02,5.2,14.8862048,,,20.0,5.063291139,33.6166163
08-1989,8.14,83,109.1772919,124.5,8.11,5.2,14.17310062,,,-3.0,4.621848739,33.8657515
09-1989,8.28,75,85.54584503,124.8,8.19,5.3,13.69351321,,,-9.0,4.435146444,33.8657515
10-1989,7.98,76,69.52467346,125.4,8.01,5.3,20.4803016,,,3.0,4.587155963,33.8657515
11-1989,7.8,105,92.83,125.9,7.87,5.4,25.93528568,,,7.0,4.655029094,34.0252466
12-1989,7.78,104,112.5535278,126.3,7.84,5.4,13.2277464,,,6.0,4.63960232,34.0252466
01-1990,8.09,92,81.54,127.5,8.21,5.4,23.35,,,12.0,5.198019802,34.0252466
02-1990,8.37,110,77.4072113,128.0,8.47,5.3,23.26,,,10.0,5.263157895,34.112927
03-1990,8.63,104,67.59,128.6,8.59,5.2,20.06,,,-4.0,5.237315876,34.112927
04-1990,8.72,88,81.6438446,128.9,8.79,5.4,21.4,,,7.0,4.711616572,34.112927
05-1990,8.64,97,86.40711975,129.1,8.76,5.4,18.1,,,12.0,4.365400162,34.2450919
06-1990,8.35,101,79.68110657,129.9,8.48,5.2,16.82,,,13.0,4.673650282,34.2450919
07-1990,8.16,86,85.78742981,130.5,8.47,5.5,18.39,,,31.0,4.819277108,34.2450919
08-1990,8.06,139,250.4510803,131.6,8.75,5.7,28.18,,,69.0,5.702811245,35.4798956
09-1990,8.08,166,188.6605377,132.5,8.89,5.9,29.11,,,81.0,6.169871795,35.4798956
10-1990,7.88,138,143.8525696,133.4,8.72,5.9,29.63,,,84.0,6.379585327,35.4798956
11-1990,7.6,152,158.7435455,133.7,8.39,6.2,24.89,,,79.0,6.195393169,34.2953762
12-1990,7.31,134,153.1624298,134.2,8.08,6.3,23.36,,,77.0,6.254948535,34.2953762
01-1991,7.13,204,379.2497864,134.7,8.09,6.4,27.43,,,96.0,5.647058824,34.2953762
02-1991,6.87,107,339.3580322,134.8,7.85,6.6,21.6,,,98.0,5.3125,35.0550575
03-1991,7.1,108,148.6183167,134.8,8.11,6.8,17.74,,,101.0,4.821150855,35.0550575
04-1991,6.95,93,97.76,135.1,8.04,6.7,17.37,,,109.0,4.809930178,35.0550575
05-1991,6.78,82,88.56902313,135.6,8.07,6.9,16.93,,,129.0,5.0348567,35.6078703
06-1991,6.96,86,87.73383331,136.0,8.28,6.9,17.14,,,132.0,4.695919938,35.6078703
07-1991,6.92,81,115.1846771,136.2,8.27,6.8,17.29,,,135.0,4.367816092,35.6078703
08-1991,6.43,99,113.4950256,136.6,7.9,6.9,15.68,,,147.0,3.799392097,35.7441089
09-1991,6.18,127,117.9421921,137.0,7.65,6.9,16.96,,,147.0,3.396226415,35.7441089
10-1991,5.91,108,100.83181,137.2,7.53,7.0,16.36,,,162.0,2.848575712,35.7441089
11-1991,5.56,141,100.7423325,137.8,7.42,7.0,17.77,,,186.0,3.066566941,36.0647213
12-1991,5.03,171,103.9695358,138.2,7.09,7.3,18.35,,,206.0,2.980625931,36.0647213
01-1992,4.96,116,102.957634,138.3,7.03,7.3,17.68,,,207.0,2.672605791,36.0647213
02-1992,5.21,155,87.2,138.6,7.34,7.4,17.48,,,213.0,2.818991098,35.9550952
03-1992,5.69,97,85.2973175,139.1,7.54,7.4,17.52,,,185.0,3.189910979,35.9550952
04-1992,5.34,90,85.85562134,139.4,7.48,7.4,16.56,,,214.0,3.182827535,35.9550952
05-1992,5.23,79,78.96814728,139.7,7.39,7.6,15.08,,,216.0,3.02359882,35.8739575
06-1992,5.05,122,93.84909058,140.1,7.26,7.8,15.2,,,221.0,3.014705882,35.8739575
07-1992,4.36,120,75.19676971,140.5,6.84,7.7,13.6,,,248.0,3.15712188,35.8739575
08-1992,4.19,122,81.64519501,140.8,6.59,7.6,14.42,,,240.0,3.074670571,35.6218407
09-1992,3.89,141,74.61,141.1,6.42,7.6,13.7,,,253.0,2.99270073,35.6218407
10-1992,4.08,161,68.1827774,141.7,6.59,7.3,17.64,,,251.0,3.279883382,35.6218407
11-1992,4.58,108,91.00899506,142.1,6.87,7.4,14.42,,,229.0,3.120464441,35.4251508
12-1992,4.67,88,83.4209671,142.3,6.77,7.4,12.19,,,210.0,2.966714906,35.4251508
01-1993,4.39,83,128.9180756,142.8,6.6,7.3,12.41,,,221.0,3.253796095,35.4251508
02-1993,4.1,107,90.46806335,143.1,6.26,7.1,13.72,,,216.0,3.246753247,35.2200982
03-1993,3.95,110,94.24144745,143.3,5.98,7.0,13.61,,,203.0,3.019410496,35.2200982
04-1993,3.84,90,112.7216644,143.8,5.97,7.1,12.84,,,213.0,3.156384505,35.2200982
05-1993,3.98,134,110.7297516,144.2,6.04,7.1,13.61,,,206.0,3.221188261,35.2147557
06-1993,4.16,121,104.1952515,144.3,5.96,7.0,12.52,,,180.0,2.997858672,35.2147557
07-1993,4.07,107,123.3147888,144.5,5.81,6.9,11.5,,,174.0,2.846975089,35.2147557
08-1993,4.0,116,97.24,144.8,5.68,6.8,11.93,,,168.0,2.840909091,34.8666289
09-1993,3.85,116,89.16477966,145.0,5.36,6.7,12.93,,,151.0,2.763997165,34.8666289
10-1993,3.87,79,106.1659088,145.6,5.33,6.8,11.88,,,146.0,2.752293578,34.8666289
11-1993,4.16,89,83.48017883,146.0,5.72,6.6,14.08,,,156.0,2.744546094,34.1481006
12-1993,4.21,77,79.55179596,146.3,5.77,6.5,11.36,,,156.0,2.810962755,34.1481006
01-1994,4.14,82,83.48997498,146.3,5.75,6.6,11.29,,,161.0,2.450980392,34.1481006
02-1994,4.47,96,117.2420654,146.7,5.97,6.6,13.64,,,150.0,2.51572327,33.9498196
03-1994,5.0,83,93.47403717,147.1,6.48,6.5,15.22,,,148.0,2.651779484,33.9498196
04-1994,5.55,106,95.35697174,147.2,6.97,6.4,16.47,,,142.0,2.364394993,33.9498196
05-1994,5.97,95,104.4667892,147.5,7.18,6.1,13.9,,,121.0,2.288488211,34.2137954
06-1994,5.93,87,120.3522415,147.9,7.1,6.1,13.41,,,117.0,2.494802495,34.2137954
07-1994,6.13,75,99.64,148.4,7.3,6.1,12.48,,,117.0,2.698961938,34.2137954
08-1994,6.18,89,98.23,149.0,7.24,6.0,11.89,,,106.0,2.900552486,34.1328598
09-1994,6.39,85,98.89848328,149.3,7.46,5.9,13.23,,,107.0,2.965517241,34.1328598
10-1994,6.73,62,94.85363007,149.4,7.74,5.8,15.25,,,101.0,2.60989011,34.1328598
11-1994,7.15,95,86.53,149.8,7.96,5.6,16.38,,,81.0,2.602739726,34.3302684
12-1994,7.59,95,96.04750061,150.1,7.81,5.5,14.18,,,22.0,2.597402597,34.3302684
01-1995,7.51,122,80.15467834,150.5,7.78,5.6,12.27,,,27.0,2.870813397,34.3302684
02-1995,7.11,101,76.87532806,150.9,7.47,5.4,11.47,,,36.0,2.862985685,34.4350618
03-1995,6.78,86,82.2444458,151.2,7.2,5.4,12.17,,,42.0,2.787219579,34.4350618
04-1995,6.57,66,99.19087982,151.8,7.06,5.8,12.44,,,49.0,3.125,34.4350618
05-1995,6.17,67,87.84,152.1,6.63,5.6,12.27,,,46.0,3.118644068,33.8245571
06-1995,5.72,76,104.6077576,152.4,6.17,5.6,11.9,,,45.0,3.042596349,33.8245571
07-1995,5.78,82,107.6454163,152.6,6.28,5.7,12.51,,,50.0,2.830188679,33.8245571
08-1995,5.98,56,106.9347839,152.9,6.49,5.7,12.8,,,51.0,2.617449664,33.6489812
09-1995,5.81,70,71.20516968,153.1,6.2,5.6,12.06,,,39.0,2.545210985,33.6489812
10-1995,5.7,80,67.74150085,153.5,6.04,5.5,14.36,,,34.0,2.744310576,33.6489812
11-1995,5.48,101,76.33,153.7,5.93,5.6,12.47,,,45.0,2.603471295,33.932641
12-1995,5.32,91,65.67205811,153.9,5.71,5.6,11.75,,,39.0,2.53164557,33.932641
01-1996,5.11,102,75.63492584,154.7,5.65,5.6,13.47,,,54.0,2.790697674,33.932641
02-1996,5.03,82,80.42,155.0,5.81,5.5,15.03,,,78.0,2.717031146,33.5522306
03-1996,5.66,77,82.14761353,155.5,6.27,5.5,17.76,,,61.0,2.843915344,33.5522306
04-1996,5.96,71,84.82862091,156.1,6.51,5.6,16.58,,,55.0,2.832674572,33.5522306
05-1996,6.1,62,65.53082275,156.4,6.74,5.6,16.15,,,64.0,2.827087442,33.2267179
06-1996,6.3,82,69.0885849,156.7,6.91,5.3,16.4,,,61.0,2.82152231,33.2267179
07-1996,6.27,70,80.64431763,157.0,6.87,5.5,17.98,,,60.0,2.883355177,33.2267179
08-1996,6.03,89,81.69,157.2,6.64,5.1,15.76,,,61.0,2.812295618,32.941337
09-1996,6.23,79,88.19697571,157.7,6.83,5.2,16.58,,,60.0,3.004572175,32.941337
10-1996,5.91,56,55.58683014,158.2,6.53,5.2,16.38,,,62.0,3.061889251,32.941337
11-1996,5.7,74,57.34461212,158.7,6.2,5.4,16.0,,,50.0,3.253090436,32.7710637
12-1996,5.78,67,74.9826355,159.1,6.3,5.4,19.26,,,52.0,3.378817414,32.7710637
01-1997,6.01,75,54.06243515,159.4,6.58,5.3,19.47,0.61,3.03,57.0,3.038138332,32.7710637
02-1997,5.9,92,50.55994034,159.7,6.42,5.2,20.14,0.6,2.95,52.0,3.032258065,32.1822787
03-1997,6.22,70,58.48006058,159.8,6.69,5.2,20.17,0.57,2.7,47.0,2.765273312,32.1822787
04-1997,6.45,71,62.84448624,159.9,6.89,5.1,19.66,0.59,2.89,44.0,2.434336963,32.1822787
05-1997,6.28,76,53.57601547,159.9,6.71,4.9,19.92,0.59,2.73,43.0,2.237851662,32.1484809
06-1997,6.09,84,39.04562378,160.2,6.49,5.0,20.19,0.58,2.62,40.0,2.233567326,32.1484809
07-1997,5.89,77,47.69842529,160.4,6.22,4.9,20.53,0.57,2.72,33.0,2.165605096,32.1484809
08-1997,5.94,59,48.58229828,160.8,6.3,4.8,23.08,0.57,2.54,36.0,2.290076336,32.1970333
09-1997,5.88,54,42.69,161.2,6.21,4.9,23.81,0.57,2.59,33.0,2.219403932,32.1970333
10-1997,5.77,93,49.74630737,161.5,6.03,4.7,23.87,0.57,2.61,26.0,2.08596713,32.1970333
11-1997,5.71,86,59.69,161.7,5.88,4.6,32.21,0.7,2.86,17.0,1.890359168,31.6860129
12-1997,5.72,104,43.99826813,161.8,5.81,4.7,26.28,0.74,2.89,9.0,1.697045883,31.6860129
01-1998,5.36,108,53.1,162.0,5.54,4.6,23.87,0.73,3.02,18.0,1.631116688,31.6860129
02-1998,5.42,101,77.5976181,162.0,5.57,4.6,20.0,0.77,2.92,15.0,1.440200376,31.6342945
03-1998,5.56,83,57.24806213,162.0,5.65,4.7,20.16,0.73,2.83,9.0,1.376720901,31.6342945
04-1998,5.56,74,51.0,162.2,5.64,4.3,22.03,0.73,2.85,8.0,1.438398999,31.6342945
05-1998,5.59,80,94.47,162.6,5.65,4.4,20.87,0.71,3.0,6.0,1.688555347,31.4238627
06-1998,5.52,81,76.3090744,162.8,5.5,4.5,21.66,0.73,3.24,-2.0,1.622971286,31.4238627
07-1998,5.46,101,54.04841614,163.2,5.46,4.5,19.93,0.79,3.34,0.0,1.74563591,31.4238627
08-1998,5.27,130,97.02085876,163.4,5.34,4.5,31.59,0.87,3.96,7.0,1.616915423,31.3021822
09-1998,4.67,169,62.51344299,163.5,4.81,4.6,38.2,1.26,5.61,14.0,1.426799007,31.3021822
10-1998,4.09,145,54.40364838,163.9,4.53,4.5,36.61,1.39,6.43,44.0,1.486068111,31.3021822
11-1998,4.54,114,67.96592712,164.1,4.83,4.4,26.22,1.39,5.7,29.0,1.484230056,31.1426162
12-1998,4.51,111,75.95989227,164.4,4.65,4.4,25.48,1.25,5.55,14.0,1.606922126,31.1426162
01-1999,4.62,123,63.98722458,164.7,4.72,4.3,28.04,1.18,5.55,10.0,1.666666667,31.1426162
02-1999,4.88,95,58.31638336,164.7,5.0,4.4,28.82,1.12,5.31,12.0,1.666666667,31.0671295
03-1999,5.05,67,83.39727783,164.8,5.23,4.2,25.31,1.05,5.24,18.0,1.728395062,31.0671295
04-1999,4.98,70,106.1980133,165.9,5.18,4.3,23.48,1.04,5.04,20.0,2.281134402,31.0671295
05-1999,5.25,65,85.44113159,166.0,5.54,4.2,26.2,1.03,4.7,29.0,2.09102091,31.0121192
06-1999,5.62,75,79.41,166.0,5.9,4.3,23.63,1.1,4.67,28.0,1.965601966,31.0121192
07-1999,5.55,87,62.14287186,166.7,5.79,4.3,21.05,1.14,4.8,24.0,2.144607843,31.0121192
08-1999,5.68,77,62.86,167.1,5.94,4.2,24.32,1.23,4.82,26.0,2.264381885,31.179498
09-1999,5.66,77,69.58151245,167.8,5.92,4.2,24.54,1.26,5.04,26.0,2.629969419,31.179498
10-1999,5.86,65,72.35348511,168.1,6.11,4.1,24.02,1.2,5.0,25.0,2.562538133,31.179498
11-1999,5.86,76,57.96,168.4,6.03,4.1,21.82,1.2,5.08,17.0,2.620353443,30.7372723
12-1999,6.1,79,86.08,168.8,6.28,4.0,22.16,1.16,4.77,18.0,2.676399027,30.7372723
01-2000,6.44,89,64.45780945,169.3,6.66,4.0,23.2,118.0,478.0,22.0,2.792956891,30.7372723
02-2000,6.61,73,63.54172134,170.0,6.52,4.1,23.6,121.0,490.0,-9.0,3.21797207,30.5411155
03-2000,6.53,73,50.10198593,171.0,6.26,4.0,22.72,135.0,537.0,-27.0,3.762135922,30.5411155
04-2000,6.4,71,48.68,170.9,5.99,3.8,27.16,155.0,585.0,-41.0,3.013863773,30.5411155
05-2000,6.81,118,79.48287964,171.2,6.44,4.0,26.37,167.0,590.0,-37.0,3.13253012,30.5505291
06-2000,6.48,110,64.71781921,172.2,6.1,4.0,21.54,171.0,614.0,-38.0,3.734939759,30.5505291
07-2000,6.34,87,51.90402222,172.7,6.05,4.0,19.89,169.0,612.0,-29.0,3.599280144,30.5505291
08-2000,6.23,59,46.49225616,172.7,5.83,4.1,18.09,170.0,636.0,-40.0,3.351286655,30.7604614
09-2000,6.08,74,52.68999863,173.6,5.8,3.9,19.69,170.0,645.0,-28.0,3.456495828,30.7604614
10-2000,5.91,90,76.45652771,173.9,5.74,3.9,25.2,177.0,729.0,-17.0,3.450327186,30.7604614
11-2000,5.88,166,45.06056213,174.2,5.72,3.9,26.38,190.0,809.0,-16.0,3.444180523,31.3347337
12-2000,5.35,149,45.39509964,174.6,5.24,3.9,26.53,201.0,901.0,-11.0,3.436018957,31.3347337
01-2001,4.76,143,46.89955521,175.6,5.16,4.2,24.92,191.0,846.0,40.0,3.721204962,31.3347337
02-2001,4.66,129,55.08771133,176.0,5.1,4.2,23.41,178.0,761.0,44.0,3.529411765,31.6842815
03-2001,4.34,137,61.70895386,176.1,4.89,4.3,28.5,178.0,792.0,55.0,2.98245614,31.6842815
04-2001,4.23,149,50.57,176.4,5.14,4.4,28.13,180.0,850.0,91.0,3.21825629,31.6842815
05-2001,4.26,117,60.37686157,177.3,5.39,4.3,22.94,158.0,769.0,113.0,3.563084112,31.8679055
06-2001,4.08,93,72.06433868,177.7,5.28,4.5,20.94,153.0,806.0,120.0,3.193960511,31.8679055
07-2001,4.04,120,61.07294083,177.4,5.24,4.6,22.32,153.0,826.0,120.0,2.721482339,31.8679055
08-2001,3.76,95,64.10773468,177.4,4.97,4.9,21.86,151.0,805.0,121.0,2.721482339,32.2362111
09-2001,3.12,273,498.6478882,178.1,4.73,5.0,35.07,176.0,924.0,161.0,2.592165899,32.2362111
10-2001,2.73,247,512.5297241,177.6,4.57,5.3,32.72,185.0,980.0,184.0,2.127659574,32.2362111
11-2001,2.78,172,306.79,177.5,4.65,5.5,26.63,183.0,879.0,187.0,1.894374282,32.5371818
12-2001,3.11,150,236.0997467,177.4,5.09,5.7,23.72,170.0,829.0,198.0,1.603665521,32.5371818
01-2002,3.03,148,172.4772034,177.7,5.04,5.7,22.25,165.0,815.0,201.0,1.195899772,32.5371818
02-2002,3.02,105,146.1857147,178.0,4.91,5.7,22.88,183.0,810.0,189.0,1.136363636,32.6484506
03-2002,3.56,98,151.9763641,178.5,5.28,5.7,18.99,171.0,733.0,172.0,1.36286201,32.6484506
04-2002,3.42,106,157.4965515,179.3,5.21,5.9,19.9,175.0,716.0,179.0,1.64399093,32.6484506
05-2002,3.26,99,163.3223114,179.5,5.16,5.8,20.09,187.0,703.0,190.0,1.240834743,32.7657037
06-2002,2.99,111,149.3304291,179.6,4.93,5.8,25.27,171.0,798.0,194.0,1.069217783,32.7657037
07-2002,2.56,140,122.7783432,180.0,4.65,5.8,34.05,205.0,936.0,209.0,1.465614431,32.7657037
08-2002,2.13,136,127.0645142,180.5,4.26,5.7,33.74,231.0,979.0,213.0,1.74746336,33.2856602
09-2002,2.0,150,174.9033356,180.8,3.87,5.7,37.65,227.0,985.0,187.0,1.516002246,33.2856602
10-2002,1.91,129,172.0319214,181.2,3.94,5.7,35.24,255.0,1068.0,203.0,2.027027027,33.2856602
11-2002,1.92,162,159.127594,181.5,4.05,5.9,28.18,217.0,965.0,213.0,2.253521127,33.5075512
12-2002,1.84,160,175.8117218,181.8,4.03,6.0,28.21,193.0,896.0,219.0,2.480270575,33.5075512
01-2003,1.74,186,206.4346008,182.6,4.05,5.8,27.42,177.0,818.0,231.0,2.757456387,33.5075512
02-2003,1.63,162,239.6109314,183.6,3.9,5.9,32.22,169.0,843.0,227.0,3.146067416,33.667805
03-2003,1.57,225,358.71,183.9,3.81,5.9,30.63,165.0,804.0,224.0,3.025210084,33.667805
04-2003,1.62,177,255.775177,183.2,3.96,6.0,23.99,147.0,702.0,234.0,2.175125488,33.667805
05-2003,1.42,122,162.1218719,182.9,3.57,6.1,20.24,132.0,664.0,215.0,1.894150418,33.1937051
06-2003,1.23,111,145.7697296,183.1,3.33,6.3,20.36,126.0,634.0,210.0,1.948775056,33.1937051
07-2003,1.47,104,134.8989105,183.7,3.98,6.2,19.16,119.0,586.0,251.0,2.055555556,33.1937051
08-2003,1.86,92,138.2309265,184.5,4.45,6.1,19.27,121.0,582.0,259.0,2.216066482,32.8714414
09-2003,1.71,110,118.1962814,185.1,4.27,6.1,19.53,115.0,536.0,256.0,2.378318584,32.8714414
10-2003,1.75,79,108.32,184.9,4.29,6.0,18.02,108.0,492.0,254.0,2.041942605,32.8714414
11-2003,1.93,79,118.0866928,185.0,4.3,5.8,17.4,103.0,462.0,237.0,1.928374656,33.1087311
12-2003,1.91,90,129.4650726,185.5,4.27,5.7,16.83,97.0,428.0,236.0,2.03520352,33.1087311
01-2004,1.76,88,113.4675903,186.3,4.15,5.7,16.1,93.0,394.0,239.0,2.026286966,33.1087311
02-2004,1.74,89,115.0759735,186.7,4.08,5.6,16.0,94.0,426.0,234.0,1.688453159,32.8813079
03-2004,1.58,84,138.532074,187.1,3.83,5.8,17.69,96.0,440.0,225.0,1.740076128,32.8813079
04-2004,2.07,80,149.6313934,187.4,4.35,5.6,15.7,92.0,398.0,228.0,2.292576419,32.8813079
05-2004,2.53,97,121.0911865,188.2,4.72,5.6,17.71,97.0,425.0,219.0,2.897758338,32.9142784
06-2004,2.76,85,137.2339172,188.9,4.73,5.6,15.34,98.0,407.0,197.0,3.167667941,32.9142784
07-2004,2.64,89,131.0198517,189.1,4.5,5.5,15.5,98.0,401.0,186.0,2.939575395,32.9142784
08-2004,2.51,84,140.3658295,189.2,4.28,5.4,16.68,98.0,408.0,177.0,2.547425474,32.6802113
09-2004,2.53,109,153.8716125,189.8,4.13,5.4,14.08,93.0,387.0,160.0,2.539168017,32.6802113
10-2004,2.58,118,119.86,190.8,4.1,5.5,14.97,92.0,373.0,152.0,3.190914008,32.6802113
11-2004,2.85,97,122.7073898,191.7,4.19,5.4,13.58,88.0,329.0,134.0,3.621621622,32.9046361
12-2004,3.01,67,109.8952255,191.7,4.23,5.4,12.46,84.0,310.0,122.0,3.342318059,32.9046361
01-2005,3.22,67,100.8875885,191.6,4.22,5.3,13.44,85.0,320.0,100.0,2.844873859,32.9046361
02-2005,3.38,52,108.9779663,192.4,4.17,5.4,11.71,83.0,305.0,79.0,3.053026245,32.8171701
03-2005,3.73,49,90.41048431,193.1,4.5,5.2,13.13,83.0,298.0,77.0,3.206841261,32.8171701
04-2005,3.65,78,87.03240204,193.7,4.34,5.2,14.46,99.0,378.0,69.0,3.361792956,32.8171701
05-2005,3.64,75,98.20596313,193.6,4.14,5.1,13.97,107.0,423.0,50.0,2.869287991,33.2955429
06-2005,3.64,82,81.12405396,193.7,4.0,5.0,11.87,95.0,390.0,36.0,2.541026998,33.2955429
07-2005,3.87,72,165.9019165,194.9,4.18,5.0,11.05,91.0,349.0,31.0,3.067160233,33.2955429
08-2005,4.04,60,116.2276611,196.1,4.26,4.9,12.95,88.0,337.0,22.0,3.646934461,32.9747203
09-2005,3.95,106,103.807663,198.8,4.2,5.0,12.63,89.0,364.0,25.0,4.741833509,32.9747203
10-2005,4.27,80,87.06182861,199.1,4.46,5.0,14.94,90.0,358.0,19.0,4.350104822,32.9747203
11-2005,4.42,60,83.48009491,198.1,4.54,5.0,12.15,94.0,362.0,12.0,3.338549817,32.7708403
12-2005,4.4,70,95.35025024,198.1,4.47,4.9,11.26,98.0,365.0,7.0,3.338549817,32.7708403
01-2006,4.4,75,94.5100174,199.3,4.42,4.7,12.04,92.0,355.0,2.0,4.018789144,32.7708403
02-2006,4.67,69,95.85819244,199.4,4.57,4.8,12.47,89.0,334.0,-10.0,3.638253638,32.782702
03-2006,4.73,55,92.79762268,199.7,4.72,4.7,11.69,88.0,325.0,-1.0,3.417918177,32.782702
04-2006,4.89,82,89.01580048,200.7,4.99,4.7,11.85,89.0,306.0,10.0,3.613835829,32.782702
05-2006,4.97,68,85.20877838,201.3,5.11,4.6,14.45,89.0,302.0,14.0,3.977272727,32.8565193
06-2006,5.12,83,102.5727692,201.8,5.11,4.6,16.92,95.0,328.0,-1.0,4.181724316,32.8565193
07-2006,5.12,84,137.1348267,202.9,5.09,4.7,15.33,97.0,337.0,-3.0,4.104669061,32.8565193
08-2006,4.9,72,147.0811157,203.8,4.88,4.7,13.35,97.0,342.0,-2.0,3.926568078,32.4509742
09-2006,4.77,62,111.7242584,202.8,4.72,4.5,12.18,97.0,343.0,-5.0,2.012072435,32.4509742
10-2006,4.8,56,113.1352997,201.9,4.73,4.4,11.31,96.0,325.0,-7.0,1.406328478,32.4509742
11-2006,4.74,50,88.77892303,202.0,4.6,4.5,10.82,93.0,314.0,-14.0,1.968702675,33.3933282
12-2006,4.67,51,90.60655975,203.1,4.56,4.4,10.96,92.0,300.0,-11.0,2.523977789,33.3933282
01-2007,4.88,75,97.92,203.437,4.76,4.6,11.04,89.0,276.0,-12.0,2.075765178,33.3933282
02-2007,4.85,51,96.1693573,204.226,4.72,4.5,11.16,87.0,262.0,-13.0,2.420260782,33.2788065
03-2007,4.57,73,87.33650208,205.288,4.56,4.4,15.16,92.0,286.0,-1.0,2.798197296,33.2788065
04-2007,4.67,60,76.61,205.904,4.69,4.5,12.93,94.0,274.0,2.0,2.592924763,33.2788065
05-2007,4.77,71,92.6,206.755,4.75,4.4,13.3,93.0,257.0,-2.0,2.709885743,33.3663483
06-2007,4.98,69,97.97,207.234,5.1,4.6,14.95,96.0,261.0,12.0,2.692765114,33.3663483
07-2007,4.82,45,112.3462524,207.603,5.0,4.7,17.27,108.0,335.0,18.0,2.317890586,33.3663483
08-2007,4.31,90,83.17320251,207.667,4.67,4.6,25.03,139.0,431.0,36.0,1.897448479,33.532875
09-2007,4.01,110,94.49,208.547,4.52,4.7,22.2,152.0,442.0,51.0,2.83382643,33.532875
10-2007,3.97,91,101.4730148,209.19,4.53,4.7,19.12,145.0,416.0,56.0,3.610698366,33.532875
11-2007,3.34,107,89.7954483,210.834,4.15,4.7,25.58,178.0,531.0,81.0,4.373267327,33.9440118
12-2007,3.12,117,94.96749115,211.445,4.1,5.0,21.65,203.0,569.0,98.0,4.108813392,33.9440118
01-2008,2.48,177,81.49982452,212.174,3.74,5.0,25.82,221.0,680.0,126.0,4.294695655,33.9440118
02-2008,1.97,108,80.75,212.687,3.74,4.9,25.46,238.0,725.0,177.0,4.142959271,36.1018159
03-2008,1.62,114,77.63613892,213.448,3.51,5.1,27.1,289.0,808.0,189.0,3.97490355,36.1018159
04-2008,2.05,98,71.9,213.942,3.68,5.0,21.56,280.0,739.0,163.0,3.903760976,36.1018159
05-2008,2.45,89,72.57379913,215.208,3.88,5.4,18.3,251.0,669.0,143.0,4.088413823,35.1449785
06-2008,2.77,89,87.54842377,217.463,4.1,5.6,22.11,254.0,673.0,133.0,4.935966106,35.1449785
07-2008,2.57,115,89.73957062,219.016,4.01,5.8,24.32,290.0,775.0,144.0,5.497512078,35.1449785
08-2008,2.42,81,88.55410767,218.69,3.89,6.1,20.7,307.0,820.0,147.0,5.308017162,37.3242812
09-2008,2.08,238,88.54255676,218.877,3.69,6.1,30.24,382.0,919.0,161.0,4.953319875,37.3242812
10-2008,1.61,242,64.15979767,216.995,3.81,6.5,61.18,565.0,1494.0,220.0,3.73105789,37.3242812
11-2008,1.21,163,79.08097076,213.153,3.53,6.8,62.67,610.0,1796.0,232.0,1.099917471,38.3443045
12-2008,0.82,158,92.37,211.398,2.42,7.3,52.41,639.0,2031.0,160.0,-0.022228003,38.3443045
01-2009,0.81,185,85.36947632,211.933,2.52,7.8,44.68,559.0,1673.0,171.0,-0.113586019,38.3443045
02-2009,0.98,203,67.45267487,212.705,2.87,8.3,45.57,533.0,1654.0,189.0,0.008463141,39.5008955
03-2009,0.93,168,72.6446228,212.495,2.82,8.7,44.8,592.0,1784.0,189.0,-0.446478768,39.5008955
04-2009,0.93,108,85.69,212.709,2.93,9.0,38.06,543.0,1560.0,200.0,-0.576324424,39.5008955
05-2009,0.93,126,89.68086243,213.022,3.29,9.4,31.98,436.0,1251.0,236.0,-1.015761496,39.0425501
06-2009,1.18,112,81.10958862,214.79,3.72,9.5,29.14,343.0,1081.0,254.0,-1.229174618,39.0425501
07-2009,1.02,104,83.43962097,214.726,3.56,9.5,26.16,313.0,1027.0,254.0,-1.958761004,39.0425501
08-2009,1.12,111,73.37187958,215.445,3.59,9.6,25.34,257.0,897.0,247.0,-1.483835566,38.8576564
09-2009,0.96,99,92.84,215.861,3.4,9.8,24.93,241.0,845.0,244.0,-1.377942863,38.8576564
10-2009,0.95,86,90.57640076,216.509,3.39,10.0,24.25,228.0,776.0,244.0,-0.223968294,38.8576564
11-2009,0.8,100,82.10176086,217.234,3.4,9.9,23.79,217.0,756.0,260.0,1.914587174,39.3168055
12-2009,0.87,108,92.94691467,217.347,3.59,9.9,21.24,204.0,694.0,272.0,2.814123123,39.3168055
01-2010,0.93,137,91.58102417,217.488,3.73,9.8,20.64,180.0,623.0,280.0,2.621111389,39.3168055
02-2010,0.86,117,80.72535706,217.281,3.69,9.8,22.54,187.0,673.0,283.0,2.151336358,39.2022186
03-2010,0.96,125,74.12,217.353,3.73,9.9,17.77,172.0,612.0,277.0,2.286171439,39.2022186
04-2010,1.06,124,88.76158142,217.403,3.85,9.9,17.42,155.0,559.0,279.0,2.206770753,39.2022186
05-2010,0.83,148,88.95870972,217.29,3.42,9.6,31.93,185.0,650.0,259.0,2.003548929,38.4728913
06-2010,0.72,130,96.4536972,217.199,3.2,9.4,29.92,209.0,702.0,248.0,1.121560594,38.4728913
07-2010,0.62,197,79.38137817,217.605,3.01,9.4,25.57,198.0,678.0,239.0,1.34077848,38.4728913
08-2010,0.52,127,80.99386597,217.923,2.7,9.5,24.75,189.0,676.0,218.0,1.15017754,38.1123153
09-2010,0.48,187,71.16854858,218.275,2.65,9.5,22.52,186.0,642.0,217.0,1.118312247,38.1123153
10-2010,0.38,155,65.99193573,219.035,2.54,9.4,20.37,181.0,601.0,216.0,1.166695149,38.1123153
11-2010,0.45,175,94.70516968,219.59,2.76,9.8,20.1,177.0,587.0,231.0,1.084544777,38.094198
12-2010,0.62,152,97.20389557,220.472,3.29,9.3,17.57,171.0,555.0,267.0,1.437793022,38.094198
01-2011,0.61,111,79.4216156,221.187,3.39,9.1,17.32,162.0,512.0,278.0,1.700783492,38.094198
02-2011,0.77,105,90.01448822,221.898,3.58,9.0,17.43,152.0,466.0,281.0,2.124898173,37.9653427
03-2011,0.7,154,136.8883057,223.046,3.41,9.0,20.72,152.0,484.0,271.0,2.61924151,37.9653427
04-2011,0.73,125,91.01776886,224.093,3.46,9.1,16.24,147.0,466.0,273.0,3.077234445,37.9653427
05-2011,0.56,85,105.3449173,224.806,3.17,9.0,16.91,150.0,485.0,261.0,3.458971881,37.4040625
06-2011,0.41,139,84.39,224.806,3.0,9.1,19.15,164.0,549.0,259.0,3.502318151,37.4040625
07-2011,0.41,207,78.92475891,225.395,3.0,9.0,19.23,165.0,543.0,259.0,3.579880977,37.4040625
08-2011,0.23,284,86.9515686,226.106,2.3,9.0,35.03,205.0,699.0,207.0,3.754996031,37.113192
09-2011,0.21,214,83.35044861,226.597,1.98,9.0,36.53,237.0,768.0,177.0,3.812621693,37.113192
10-2011,0.28,138,76.3399353,226.75,2.15,8.8,32.83,248.0,791.0,187.0,3.522268131,37.113192
11-2011,0.25,144,83.1576767,227.169,2.01,8.6,31.94,246.0,761.0,176.0,3.451432215,36.3170815
12-2011,0.26,183,85.34132385,227.223,1.98,8.5,25.05,260.0,752.0,172.0,3.062066838,36.3170815
01-2012,0.24,154,79.63497162,227.842,1.97,8.3,20.23,242.0,684.0,173.0,3.008766338,36.3170815
02-2012,0.28,119,92.45,228.329,1.97,8.3,18.42,214.0,624.0,169.0,2.898178442,35.9421094
03-2012,0.34,99,88.75997925,228.807,2.17,8.2,16.17,195.0,596.0,183.0,2.582875281,35.9421094
04-2012,0.29,97,96.01668549,229.187,2.05,8.2,17.82,200.0,613.0,176.0,2.273163374,35.9421094
05-2012,0.29,136,78.17115784,228.713,1.8,8.2,21.0,213.0,631.0,151.0,1.737942937,35.7495716
06-2012,0.29,197,77.82243347,228.524,1.62,8.2,21.13,223.0,677.0,133.0,1.653870448,35.7495716
07-2012,0.25,181,82.80802155,228.59,1.53,8.2,17.57,204.0,636.0,128.0,1.41751148,35.7495716
08-2012,0.27,143,74.87835693,229.918,1.68,8.1,15.69,187.0,592.0,141.0,1.685934915,35.7637037
09-2012,0.26,182,69.28050995,231.015,1.72,7.8,15.28,174.0,561.0,146.0,1.949716898,35.7637037
10-2012,0.28,166,81.66366577,231.638,1.75,7.8,16.28,155.0,549.0,147.0,2.15567806,35.7637037
11-2012,0.27,206,81.38964081,231.249,1.65,7.7,16.7,158.0,571.0,138.0,1.796019703,35.0447427
12-2012,0.26,215,74.83155823,231.221,1.72,7.9,17.31,156.0,534.0,146.0,1.75950498,35.0447427
01-2013,0.27,199,90.66,231.679,1.91,8.0,13.51,146.0,492.0,164.0,1.684061762,35.0447427
02-2013,0.27,129,81.59,232.937,1.98,7.7,14.07,148.0,499.0,171.0,2.01814049,34.9376493
03-2013,0.26,146,75.89672089,232.282,1.96,7.5,13.03,147.0,480.0,170.0,1.518747241,34.9376493
04-2013,0.23,135,95.10787201,231.797,1.76,7.6,13.97,149.0,476.0,153.0,1.138808048,34.9376493
05-2013,0.25,109,83.71731567,231.893,1.93,7.5,13.49,143.0,438.0,168.0,1.390388828,34.5897489
06-2013,0.33,127,82.9730072,232.445,2.3,7.5,17.27,160.0,506.0,197.0,1.715793527,34.5897489
07-2013,0.34,91,73.97581482,232.9,2.58,7.3,13.97,158.0,482.0,224.0,1.885471805,34.5897489
08-2013,0.36,109,90.95674896,233.456,2.74,7.2,14.21,154.0,475.0,238.0,1.538809489,34.1377938
09-2013,0.4,180,100.4593277,233.544,2.81,7.2,14.69,154.0,464.0,241.0,1.094734108,34.1377938
10-2013,0.34,225,72.95311737,233.669,2.62,7.2,15.41,149.0,455.0,228.0,0.876799143,34.1377938
11-2013,0.3,90,77.77902222,234.1,2.72,6.9,12.92,144.0,432.0,242.0,1.232870196,34.3318755
12-2013,0.34,115,70.37248993,234.719,2.9,6.7,14.19,134.0,409.0,256.0,1.512838367,34.3318755
01-2014,0.39,108,77.91596985,235.288,2.86,6.6,14.24,125.0,397.0,247.0,1.557758796,34.3318755
02-2014,0.33,93,69.00352478,235.547,2.71,6.7,15.47,126.0,403.0,238.0,1.120474635,34.0950782
03-2014,0.4,101,119.8385544,236.028,2.72,6.7,14.84,121.0,381.0,232.0,1.612694914,34.0950782
04-2014,0.42,97,93.22154236,236.468,2.71,6.2,14.2,115.0,371.0,229.0,2.015125304,34.0950782
05-2014,0.39,102,83.43,236.918,2.56,6.3,12.48,113.0,375.0,217.0,2.166947687,33.9463413
06-2014,0.45,86,98.7671051,237.231,2.6,6.1,11.54,109.0,347.0,215.0,2.058981695,33.9463413
07-2014,0.51,79,138.753952,237.498,2.54,6.2,12.3,108.0,365.0,203.0,1.97423787,33.9463413
08-2014,0.47,64,136.4455872,237.46,2.42,6.1,13.49,113.0,397.0,195.0,1.715098348,33.9292552
09-2014,0.57,86,131.5566559,237.477,2.53,5.9,13.47,114.0,406.0,196.0,1.684050971,33.9292552
10-2014,0.45,113,83.66100311,237.43,2.3,5.7,18.06,125.0,451.0,185.0,1.609541702,33.9292552
11-2014,0.53,93,84.38005066,236.983,2.33,5.8,13.41,132.0,446.0,180.0,1.231524989,33.8175115
12-2014,0.64,87,86.53,236.252,2.21,5.6,16.29,143.0,508.0,157.0,0.653121392,33.8175115
01-2015,0.55,121,111.9856949,234.747,1.88,5.7,19.12,150.0,529.0,133.0,-0.229930978,33.8175115
02-2015,0.62,88,111.9246979,235.342,1.98,5.5,15.9,143.0,471.0,136.0,-0.087031463,33.1493742
03-2015,0.64,96,104.2352676,235.976,2.04,5.4,14.81,135.0,466.0,140.0,-0.022031284,33.1493742
04-2015,0.54,104,102.1904907,236.222,1.94,5.4,13.49,133.0,463.0,140.0,-0.104030989,33.1493742
05-2015,0.61,102,76.26,237.001,2.2,5.6,13.34,134.0,451.0,159.0,0.035033218,33.8383141
06-2015,0.69,116,85.90596771,237.657,2.36,5.3,14.34,142.0,466.0,167.0,0.17957181,33.8383141
07-2015,0.67,99,106.8086624,238.034,2.32,5.2,14.35,151.0,511.0,165.0,0.225686111,33.8383141
08-2015,0.7,157,82.47853088,238.033,2.17,5.1,19.43,165.0,566.0,147.0,0.241303799,33.8875919
09-2015,0.71,172,98.77,237.498,2.17,5.0,24.38,169.0,587.0,146.0,0.008842962,33.8875919
10-2015,0.64,111,91.93,237.733,2.07,5.0,16.79,172.0,620.0,143.0,0.127616561,33.8875919
11-2015,0.88,90,150.7158813,238.017,2.26,5.1,16.21,162.0,614.0,138.0,0.436318217,34.0816573
12-2015,0.98,102,148.2368774,237.761,2.24,5.0,18.03,170.0,687.0,126.0,0.638724752,34.0816573
01-2016,0.9,155,118.2111435,237.652,2.09,4.8,23.72,188.0,763.0,119.0,1.237502503,34.0816573
02-2016,0.73,148,103.749649,237.336,1.78,4.9,22.52,213.0,823.0,105.0,0.847277579,33.7628453
03-2016,0.88,130,109.7202911,238.08,1.89,5.0,15.85,183.0,698.0,101.0,0.891616097,33.7628453
04-2016,0.77,96,85.22145081,238.992,1.81,5.1,14.3,162.0,662.0,104.0,1.17262575,33.7628453
05-2016,0.82,96,88.33,239.557,1.81,4.8,14.85,155.0,626.0,99.0,1.078476462,33.9098206
06-2016,0.73,234,90.16812897,240.222,1.64,4.9,17.77,158.0,610.0,91.0,1.079286535,33.9098206
07-2016,0.67,164,114.6104507,240.101,1.5,4.8,13.16,152.0,565.0,83.0,0.868363343,33.9098206
08-2016,0.74,107,98.73848724,240.545,1.56,4.9,12.4,144.0,530.0,82.0,1.05531586,33.8110632
09-2016,0.77,86,104.5452271,241.176,1.63,5.0,14.22,141.0,515.0,86.0,1.54864462,33.8110632
10-2016,0.84,108,85.74778748,241.741,1.76,4.9,14.59,137.0,474.0,92.0,1.685924966,33.8110632
11-2016,0.98,254,82.91875458,242.026,2.14,4.7,15.24,137.0,489.0,116.0,1.684333472,33.7007401
12-2016,1.2,161,102.1804657,242.637,2.49,4.7,12.47,131.0,428.0,129.0,2.050798912,33.7007401
01-2017,1.21,195,105.2012329,243.618,2.43,4.7,11.61,128.0,401.0,122.0,2.510393348,33.7007401
02-2017,1.2,178,114.2063599,244.006,2.42,4.6,11.53,125.0,385.0,122.0,2.810361681,33.5792627
03-2017,1.31,155,96.63587952,243.892,2.48,4.4,11.9,121.0,390.0,117.0,2.441196237,33.5792627
04-2017,1.24,158,119.4599228,244.193,2.3,4.4,13.14,124.0,391.0,106.0,2.176223472,33.5792627
05-2017,1.3,130,102.5799637,244.004,2.3,4.4,10.86,119.0,374.0,100.0,1.856343167,33.6929694
06-2017,1.34,121,126.7890167,244.163,2.19,4.3,10.51,118.0,375.0,85.0,1.64056581,33.6929694
07-2017,1.37,141,102.8134613,244.243,2.32,4.3,10.26,111.0,369.0,95.0,1.725107351,33.6929694
08-2017,1.34,138,138.5316162,245.183,2.21,4.4,11.98,113.0,383.0,87.0,1.928121557,33.407005
09-2017,1.38,117,115.5344467,246.435,2.2,4.3,10.44,113.0,372.0,82.0,2.18056523,33.407005
10-2017,1.55,126,91.46,246.626,2.36,4.2,10.13,102.0,349.0,81.0,2.020757753,33.407005
11-2017,1.7,111,92.59601593,247.284,2.35,4.2,10.54,104.0,368.0,65.0,2.172493864,33.3920324
12-2017,1.84,140,82.71825409,247.805,2.4,4.1,10.26,100.0,360.0,56.0,2.12993072,33.3920324
01-2018,2.03,161,92.42678833,248.859,2.58,4.0,11.06,95.0,335.0,55.0,2.151318868,33.3920324
02-2018,2.18,115,64.49137115,249.529,2.86,4.1,22.46,97.0,354.0,68.0,2.263468931,33.5261965
03-2018,2.28,187,111.9622955,249.577,2.84,4.0,19.02,110.0,364.0,56.0,2.330949765,33.5261965
04-2018,2.38,139,123.2634735,250.227,2.87,4.0,18.27,112.0,347.0,49.0,2.470996302,33.5261965
05-2018,2.51,162,125.6666183,250.792,2.98,3.8,14.12,116.0,347.0,47.0,2.781921608,33.5952676
06-2018,2.53,134,103.9685898,251.018,2.91,4.0,13.68,124.0,345.0,38.0,2.807550694,33.5952676
07-2018,2.61,176,110.0284271,251.214,2.89,3.8,13.15,123.0,359.0,28.0,2.854124786,33.5952676
08-2018,2.64,115,112.741684,251.663,2.89,3.8,12.55,118.0,345.0,25.0,2.642923857,33.8034466
09-2018,2.77,121,75.0539093,252.182,3.0,3.7,12.91,116.0,334.0,23.0,2.332055106,33.8034466
10-2018,2.86,136,92.02,252.772,3.15,3.8,19.35,117.0,352.0,29.0,2.49203247,33.8034466
11-2018,2.86,165,80.40758514,252.594,3.12,3.8,19.39,132.0,402.0,26.0,2.147328578,34.1836573
12-2018,2.68,227,90.61,252.767,2.83,3.9,24.95,151.0,476.0,15.0,2.002380904,34.1836573
01-2019,2.54,284,87.42410278,252.561,2.71,4.0,19.57,150.0,457.0,17.0,1.487589358,34.1836573
02-2019,2.5,124,96.80016327,253.319,2.68,3.8,15.23,132.0,413.0,18.0,1.518861535,34.1103942
03-2019,2.41,181,82.32829285,254.277,2.57,3.8,14.49,127.0,401.0,16.0,1.883186351,34.1103942
04-2019,2.34,110,79.25344849,255.233,2.53,3.7,12.95,119.0,378.0,19.0,2.00058347,34.1103942
05-2019,2.21,161,106.4719009,255.296,2.4,3.6,16.72,124.0,406.0,19.0,1.795910555,34.0455209
06-2019,1.81,208,106.5884552,255.213,2.07,3.6,15.84,129.0,421.0,26.0,1.671194894,34.0455209
07-2019,1.84,208,93.52125549,255.802,2.06,3.7,13.31,118.0,400.0,22.0,1.826331335,34.0455209
08-2019,1.57,283,103.4044189,256.036,1.63,3.6,18.98,126.0,429.0,6.0,1.737641211,34.1448179
09-2019,1.65,187,90.36798859,256.43,1.7,3.5,15.56,122.0,394.0,5.0,1.684497704,34.1448179
10-2019,1.55,160,97.83673096,257.155,1.71,3.6,15.47,120.0,410.0,16.0,1.7339737,34.1448179
11-2019,1.61,170,73.0783844,257.879,1.81,3.6,12.52,112.0,405.0,20.0,2.092290395,34.7123874
12-2019,1.61,191,74.27989197,258.63,1.86,3.6,13.76,105.0,372.0,25.0,2.31952747,34.7123874
01-2020,1.52,165,138.4209442,259.127,1.76,3.6,13.94,102.0,360.0,24.0,2.599767977,34.7123874
02-2020,1.33,216,75.95555878,259.25,1.5,3.5,19.63,108.0,392.0,17.0,2.34131668,54.3505003
03-2020,0.45,426,81.54003143,258.076,0.87,4.4,57.74,258.0,785.0,42.0,1.494039964,54.3505003
04-2020,0.22,401,69.33940125,256.032,0.66,14.8,41.45,255.0,814.0,44.0,0.313047294,54.3505003
05-2020,0.17,504,68.50721741,255.802,0.67,13.2,30.9,208.0,729.0,50.0,0.198201304,45.2484577
06-2020,0.19,300,71.2278595,257.042,0.73,11.0,31.12,164.0,607.0,54.0,0.716656283,45.2484577
07-2020,0.15,428,66.47328186,258.352,0.62,10.2,26.84,146.0,570.0,47.0,0.996864763,45.2484577
08-2020,0.14,263,65.46604919,259.316,0.65,8.4,22.89,136.0,512.0,51.0,1.28106985,38.8121832
09-2020,0.13,253,80.37738037,259.997,0.68,7.8,27.65,138.0,526.0,55.0,1.391022891,38.8121832
10-2020,0.15,306,76.08316803,260.319,0.79,6.9,29.44,134.0,505.0,64.0,1.230386343,38.8121832
11-2020,0.17,328,70.06746674,260.911,0.87,6.7,25.0,120.0,453.0,70.0,1.175745214,49.4958818
12-2020,0.14,327,64.06729126,262.045,0.93,6.7,22.37,107.0,404.0,79.0,1.320419132,49.4958818
01-2021,0.13,261,77.42,262.639,1.08,6.4,24.91,101.0,378.0,95.0,1.355319978,49.4958818
02-2021,0.12,188,73.95680237,263.573,1.26,6.2,23.14,97.0,353.0,114.0,1.667502411,41.1661489
03-2021,0.15,167,78.61876678,264.847,1.61,6.1,21.84,100.0,355.0,146.0,2.623645748,41.1661489
04-2021,0.16,141,88.16622162,266.625,1.64,6.1,17.42,95.0,327.0,148.0,4.137373453,41.1661489
05-2021,0.16,172,93.00713348,268.404,1.62,5.8,19.76,92.0,333.0,146.0,4.926466564,38.734018
06-2021,0.2,149,74.12712097,270.71,1.52,5.9,16.96,89.0,317.0,132.0,5.317418943,38.734018
07-2021,0.22,182,58.42076874,271.965,1.32,5.4,17.6,90.0,317.0,110.0,5.269167647,38.734018
08-2021,0.22,157,89.49,272.752,1.28,5.1,17.47,93.0,332.0,106.0,5.181323173,35.8894759
09-2021,0.24,171,80.69696808,273.942,1.37,4.7,19.82,90.0,312.0,113.0,5.363523425,35.8894759
10-2021,0.39,137,79.02923584,276.528,1.58,4.5,17.87,89.0,315.0,119.0,6.226591221,35.8894759
11-2021,0.51,176,86.5691452,278.824,1.56,4.2,18.5,93.0,322.0,105.0,6.86555952,33.344017
12-2021,0.68,201,105.3454208,280.806,1.47,3.9,21.35,100.0,327.0,79.0,7.159457345,33.344017
01-2022,0.98,155,138.6749878,282.542,1.76,4.0,23.18,100.0,322.0,78.0,7.578082463,33.344017
02-2022,1.44,140,216.1590118,284.525,1.93,3.8,25.75,116.0,365.0,49.0,7.949220899,34.466998
03-2022,1.91,229,318.9549255,287.467,2.13,3.7,26.97,137.0,379.0,22.0,8.540780149,34.466998
04-2022,2.54,169,191.1430969,288.582,2.75,3.7,24.37,128.0,365.0,21.0,8.235161744,34.466998
05-2022,2.62,190,142.2584839,291.299,2.9,3.6,29.31,146.0,449.0,28.0,8.530051713,34.1745562
06-2022,3.0,153,130.7073212,295.072,3.14,3.6,28.23,147.0,487.0,14.0,8.999298142,34.1745562
07-2022,3.04,223,117.1767654,294.94,2.9,3.5,25.0,157.0,530.0,-14.0,8.447778207,34.1745562
08-2022,3.25,183,132.8632202,295.162,2.9,3.6,22.17,145.0,453.0,-35.0,8.21625506,34.7381675
09-2022,3.86,202,131.9858704,296.421,3.52,3.5,27.34,152.0,499.0,-34.0,8.205751582,34.7381675
10-2022,4.38,207,143.1624146,297.979,3.98,3.6,30.01,166.0,500.0,-40.0,7.757261471,34.7381675
11-2022,4.5,210,116.7162857,298.708,3.89,3.6,23.3,151.0,468.0,-61.0,7.131380369,35.0819403
12-2022,4.29,150,111.1959381,298.808,3.62,3.5,21.78,139.0,458.0,-67.0,6.410831677,35.0819403
01-2023,4.21,161,104.2670441,300.456,3.53,3.5,20.17,132.0,434.0,-68.0,6.34029631,35.0819403
02-2023,4.53,153,120.9943771,301.476,3.75,3.6,20.12,124.0,420.0,-78.0,5.957648713,35.5570775
03-2023,4.3,200,105.3799744,301.643,3.66,3.5,21.64,145.0,469.0,-64.0,4.931348642,35.5570775
04-2023,4.02,165,106.8096542,302.858,3.46,3.4,17.82,141.0,457.0,-56.0,4.946947488,35.5570775
05-2023,4.13,205,108.4676819,303.316,3.57,3.6,17.64,146.0,469.0,-56.0,4.125314539,35.3202685
06-2023,4.64,179,110.5289459,304.099,3.75,3.6,14.0,137.0,429.0,-89.0,3.059253335,35.3202685
07-2023,4.83,133,107.4487839,304.615,3.9,3.5,13.93,126.0,394.0,-93.0,3.280328202,35.3202685
08-2023,4.9,77,101.1411819,306.138,4.17,3.7,15.85,123.0,390.0,-73.0,3.718635868,34.7109147
09-2023,5.02,118,98.6348114,307.374,4.38,3.8,15.17,122.0,389.0,-64.0,3.695082332,34.7109147
10-2023,5.07,134,197.8870087,307.653,4.8,3.9,18.89,129.0,436.0,-27.0,3.246537508,34.7109147
11-2023,4.88,141,156.6961365,308.087,4.5,3.7,14.02,121.0,399.0,-38.0,3.139855645,35.3273412
12-2023,4.46,107,142.2794647,308.735,4.02,3.8,12.72,107.0,357.0,-44.0,3.322200209,35.3273412
01-2024,4.32,131,160.1648407,309.794,4.06,3.7,13.39,103.0,355.0,-26.0,3.107942594,35.3273412
02-2024,4.54,107,146.598175,311.022,4.21,3.9,13.98,98.0,336.0,-33.0,3.166421208,35.3015867
03-2024,4.59,117,133.2131653,312.107,4.21,3.9,13.79,95.0,318.0,-38.0,3.469001435,35.3015867
04-2024,4.87,139,163.7363434,313.016,4.54,3.9,16.14,92.0,323.0,-33.0,3.354047111,35.3015867
05-2024,4.86,124,130.5218658,313.14,4.48,4.0,13.06,89.0,312.0,-38.0,3.238866397,35.9167142
06-2024,4.74,144,112.8814087,313.131,4.31,4.1,12.67,94.0,320.0,-43.0,2.9700854,35.9167142
07-2024,4.5,145,92.39,313.566,4.25,4.2,14.37,93.0,316.0,-25.0,2.938463306,35.9167142
08-2024,3.97,138,140.7640228,314.131,3.87,4.2,19.31,100.0,337.0,-10.0,2.610914032,35.7599796
09-2024,3.62,127,130.1418762,314.851,3.72,4.1,17.66,96.0,326.0,10.0,2.432541464,35.7599796
10-2024,3.97,109,130.69,315.564,4.1,4.1,19.96,86.0,293.0,13.0,2.571403497,35.7599796
11-2024,4.26,225,128.4817657,316.449,4.36,4.2,16.02,81.0,270.0,10.0,2.7141684,35.802991
12-2024,4.23,219,141.90271,317.603,4.39,4.1,15.87,80.0,276.0,16.0,2.872366269,35.802991
01-2025,4.27,237,112.3262177,319.086,4.63,4.0,16.76,82.0,272.0,36.0,2.999412513,35.802991
02-2025,4.21,329,136.2016296,319.775,4.45,4.1,16.97,82.0,271.0,24.0,2.814270373,35.9169236
03-2025,3.97,446,171.8729095,319.615,4.28,4.2,21.84,92.0,317.0,31.0,2.405585264,35.9169236
